,Unnamed: 0.2,Unnamed: 0.1,Unnamed: 0,course_id,user_id_x,BUILD_ERROR,FAILURE,TIME_OUT,RUNTIME_ERROR,SUCCESS,degree,courses_per_semester,university_course_id
0,0,0,0,6,161,33,26,2,0,41,Ingeniería en Informática,1,75.40
1,1,1,1,6,186,26,20,4,0,34,Ingeniería en Informática,1,75.40
2,2,2,2,6,186,26,20,4,0,34,Ingeniería en Informática,1,75.40
3,3,3,3,6,186,26,20,4,0,34,Ingeniería en Informática,1,75.40-95.40
4,4,4,4,6,186,26,20,4,0,34,Ingeniería en Informática,1,75.41
5,5,5,5,6,293,13,7,2,0,24,Ingeniería en Informática,1,75.40
6,6,6,6,6,294,2,2,0,0,0,Licenciatura en Sistemas,1,75.40
7,7,7,7,6,294,2,2,0,0,0,Licenciatura en Sistemas,1,75.40
8,8,8,8,6,295,27,19,2,0,39,Ingeniería en Informática,1,75.40
9,9,9,9,6,296,21,17,0,0,34,Ingeniería en Informática,1,75.41
10,10,10,10,6,296,21,17,0,0,34,Ingeniería en Informática,1,75.40
11,11,11,11,6,297,36,31,5,0,42,Ingeniería en Informática,1,75.40
12,12,12,12,6,297,36,31,5,0,42,Ingeniería en Informática,1,75.41
13,13,13,13,6,298,19,12,0,0,34,Ingeniería en Informática,1,75.41
14,14,14,14,6,298,19,12,0,0,34,Ingeniería en Informática,1,75.40
15,15,15,15,6,299,29,24,1,0,37,Ingeniería en Informática,1,75.40
16,16,16,16,6,300,20,12,0,0,19,Ingeniería en Informática,1,75.40
17,17,17,17,6,304,26,18,1,0,40,Ingeniería en Informática,1,75.41
18,18,18,18,6,304,26,18,1,0,40,Ingeniería en Informática,1,75.40
19,19,19,19,6,305,31,25,3,0,39,Licenciatura en Sistemas,1,75.40
20,20,20,20,6,306,29,20,3,0,28,Ingeniería en Informática,1,75.40
21,21,21,21,6,306,29,20,3,0,28,Ingeniería en Informática,1,75.40
22,22,22,22,6,306,29,20,3,0,28,Ingeniería en Informática,1,75.41
23,23,23,23,6,307,28,19,0,0,43,Ingeniería en Informática,1,75.40
24,24,24,24,6,308,31,23,2,0,42,Ingeniería en Informática,1,75.40
25,25,25,25,6,309,33,25,1,0,39,Licenciatura en Sistemas,1,75.40
26,26,26,26,6,310,17,17,0,0,34,Ingeniería en Informática,1,75.40
27,27,27,27,6,311,29,21,1,0,38,Licenciatura en Sistemas,1,75.40
28,28,28,28,6,312,9,4,0,0,6,Ingeniería en Informática,1,75.40
29,29,29,29,6,314,16,14,1,0,12,Ingeniería en Informática,1,75.40
30,30,30,30,6,315,11,13,1,0,37,Ingeniería en Informática,1,75.40
31,31,31,31,6,315,11,13,1,0,37,Ingeniería en Informática,1,75.40-95.40
32,32,32,32,6,317,20,21,0,0,30,Ingeniería en Informática,1,75.40
33,33,33,33,6,317,20,21,0,0,30,Ingeniería en Informática,1,75.40
34,34,34,34,6,318,25,22,0,1,39,Ingeniería en Informática,1,75.41
35,35,35,35,6,318,25,22,0,1,39,Ingeniería en Informática,1,75.40
36,36,36,36,6,318,25,22,0,1,39,Ingeniería en Informática,1,75.41
37,37,37,37,6,319,21,25,2,0,39,Ingeniería en Informática,1,75.40
38,38,38,38,6,320,23,20,1,0,42,Ingeniería en Informática,1,75.40
39,39,39,39,6,320,23,20,1,0,42,Ingeniería en Informática,1,75.41
40,40,40,40,6,321,19,12,0,1,24,Licenciatura en Sistemas,1,75.40
41,41,41,41,6,322,8,7,1,1,10,Ingeniería en Informática,1,75.40
42,42,42,42,6,323,26,18,2,0,25,Ingeniería en Informática,1,75.41
43,43,43,43,6,323,26,18,2,0,25,Ingeniería en Informática,1,75.40
44,44,44,44,6,323,26,18,2,0,25,Ingeniería en Informática,1,75.41
45,45,45,45,6,324,29,26,3,0,42,Ingeniería en Informática,1,75.40
46,46,46,46,6,325,12,7,1,0,15,Ingeniería en Informática,1,75.40
47,47,47,47,6,325,12,7,1,0,15,Ingeniería en Informática,1,75.40
48,48,48,48,6,326,1,2,0,0,2,Licenciatura en Sistemas,1,75.40
49,49,49,49,6,326,1,2,0,0,2,Licenciatura en Sistemas,1,75.40
50,50,50,50,6,327,31,27,0,1,43,Ingeniería en Informática,1,75.41
51,51,51,51,6,327,31,27,0,1,43,Ingeniería en Informática,1,75.40
52,52,52,52,6,328,21,22,1,0,42,Ingeniería en Informática,1,75.40
53,53,53,53,6,329,4,4,1,0,12,Ingeniería en Informática,1,75.40
54,54,54,54,6,331,23,20,3,0,30,Licenciatura en Sistemas,1,75.40-95.40
55,55,55,55,6,331,23,20,3,0,30,Licenciatura en Sistemas,1,75.40
56,56,56,56,6,331,23,20,3,0,30,Licenciatura en Sistemas,1,75.41
57,57,57,57,6,332,18,16,0,0,25,Ingeniería en Informática,1,75.40
58,58,58,58,6,334,28,28,0,0,42,Ingeniería en Informática,1,75.40
59,59,59,59,6,334,28,28,0,0,42,Ingeniería en Informática,1,75.40
60,60,60,60,6,335,20,15,1,0,39,Ingeniería en Informática,1,75.40
61,61,61,61,6,336,33,26,3,0,42,Ingeniería en Informática,1,75.41
62,62,62,62,6,336,33,26,3,0,42,Ingeniería en Informática,1,75.40
63,63,63,63,6,336,33,26,3,0,42,Ingeniería en Informática,1,75.41
64,64,64,64,6,337,21,19,1,0,37,Ingeniería en Informática,1,75.41
65,65,65,65,6,337,21,19,1,0,37,Ingeniería en Informática,1,75.40
66,66,66,66,6,338,7,6,1,0,10,Licenciatura en Sistemas,1,75.40
67,67,67,67,6,338,7,6,1,0,10,Licenciatura en Sistemas,1,75.41
68,68,68,68,6,339,28,19,5,0,28,Ingeniería en Informática,1,75.40
69,69,69,69,6,340,17,14,2,0,21,Ingeniería en Informática,1,75.40
70,70,70,70,6,340,17,14,2,0,21,Ingeniería en Informática,1,75.40
71,71,71,71,6,341,27,18,1,1,33,Ingeniería en Informática,1,75.40
72,72,72,72,6,341,27,18,1,1,33,Ingeniería en Informática,1,75.40
73,73,73,73,6,343,32,24,3,0,36,Licenciatura en Sistemas,1,75.41
74,74,74,74,6,343,32,24,3,0,36,Licenciatura en Sistemas,1,75.40
75,75,75,75,6,345,6,5,1,0,4,Ingeniería en Informática,1,75.40
76,76,76,76,6,346,6,5,4,0,12,Ingeniería en Informática,1,75.40
77,77,77,77,6,346,6,5,4,0,12,Ingeniería en Informática,1,75.40
78,78,78,78,6,347,31,27,1,0,40,Ingeniería en Informática,1,75.41
79,79,79,79,6,347,31,27,1,0,40,Ingeniería en Informática,1,75.40
80,80,80,80,6,348,26,19,2,0,23,Ingeniería en Informática,1,75.40
81,81,81,81,6,348,26,19,2,0,23,Ingeniería en Informática,1,75.40
82,82,82,82,6,350,13,14,0,0,37,Licenciatura en Sistemas,1,75.40
83,83,83,83,6,351,33,20,4,0,43,Ingeniería en Informática,1,75.40
84,84,84,84,6,352,33,24,3,0,39,Ingeniería en Informática,1,75.41
85,85,85,85,6,352,33,24,3,0,39,Ingeniería en Informática,1,75.40
86,86,86,86,6,353,29,29,6,1,42,Ingeniería en Informática,1,75.40
87,87,87,87,6,353,29,29,6,1,42,Ingeniería en Informática,1,75.41
88,88,88,88,6,354,2,2,0,0,1,Ingeniería en Informática,1,75.40
89,89,89,89,6,355,9,7,2,0,12,Ingeniería en Informática,1,75.40
90,90,90,90,6,355,9,7,2,0,12,Ingeniería en Informática,1,75.40
91,91,91,91,6,356,25,17,3,1,24,Ingeniería en Informática,1,75.40
92,92,92,92,6,356,25,17,3,1,24,Ingeniería en Informática,1,75.40
93,93,93,93,6,356,25,17,3,1,24,Ingeniería en Informática,1,75.41
94,94,94,94,6,358,27,23,1,0,43,Ingeniería en Informática,1,75.41
95,95,95,95,6,358,27,23,1,0,43,Ingeniería en Informática,1,75.40
96,96,96,96,6,359,23,19,0,0,32,Licenciatura en Sistemas,1,75.41
97,97,97,97,6,359,23,19,0,0,32,Licenciatura en Sistemas,1,75.40
98,98,98,98,6,360,2,6,0,0,11,Licenciatura en Sistemas,1,75.40
99,99,99,99,6,361,1,3,0,0,2,Ingeniería en Informática,1,75.40
100,100,100,100,6,362,30,19,3,0,36,Ingeniería en Informática,1,75.40
101,101,101,101,6,363,5,7,1,0,10,Ingeniería en Informática,1,75.40
102,102,102,102,6,363,5,7,1,0,10,Ingeniería en Informática,1,75.41
103,103,103,103,6,364,5,3,0,0,4,Licenciatura en Sistemas,1,75.40
104,104,104,104,6,365,15,14,1,0,24,Licenciatura en Sistemas,1,75.40
105,105,105,105,6,366,20,20,1,0,27,Ingeniería en Informática,1,75.40
106,106,106,106,6,367,2,2,0,1,2,Ingeniería en Informática,1,75.40
107,107,107,107,6,368,22,13,0,0,23,Ingeniería en Informática,1,75.40
108,108,108,108,6,368,22,13,0,0,23,Ingeniería en Informática,1,75.40
109,109,109,109,6,370,18,14,2,0,17,Ingeniería en Informática,1,75.40
110,110,110,110,6,380,2,6,0,0,6,Ingeniería en Informática,1,75.40
111,111,111,111,6,385,0,1,0,0,1,Ingeniería en Informática,1,75.40
112,112,112,112,6,387,5,7,0,0,15,Licenciatura en Sistemas,1,75.40
113,113,113,113,6,388,17,21,2,0,41,Licenciatura en Sistemas,1,75.40
114,114,114,114,6,389,19,16,2,0,38,Ingeniería en Informática,1,75.40
115,115,115,115,6,391,2,3,0,0,2,Ingeniería en Informática,1,75.40
116,116,116,116,6,391,2,3,0,0,2,Ingeniería en Informática,1,75.40
117,117,117,117,6,394,11,8,2,0,11,Ingeniería en Informática,1,75.40-95.40
118,118,118,118,6,394,11,8,2,0,11,Ingeniería en Informática,1,75.40
119,119,119,119,6,394,11,8,2,0,11,Ingeniería en Informática,1,75.40-95.40
120,120,120,120,6,395,4,2,0,0,6,Ingeniería en Informática,1,75.40
121,121,121,121,6,395,4,2,0,0,6,Ingeniería en Informática,1,75.40
122,122,122,122,6,400,1,3,0,0,2,Ingeniería en Informática,1,75.40
123,123,123,123,6,401,17,8,0,0,43,Ingeniería en Informática,1,75.40
124,124,124,124,6,402,5,3,0,0,13,Ingeniería en Informática,1,75.40
125,125,125,125,6,404,22,19,2,0,42,Licenciatura en Sistemas,1,75.40
126,126,126,126,6,405,21,16,1,0,34,Ingeniería en Informática,1,75.40
127,127,127,127,6,405,21,16,1,0,34,Ingeniería en Informática,1,75.40
128,128,128,128,6,409,0,1,0,0,1,Ingeniería en Informática,1,75.40
129,129,129,129,6,409,0,1,0,0,1,Ingeniería en Informática,1,75.40
130,130,130,130,6,409,0,1,0,0,1,Ingeniería en Informática,1,75.41
131,131,131,131,6,419,15,24,0,0,30,Ingeniería en Informática,1,75.40
132,132,132,132,6,493,31,18,1,1,41,Ingeniería en Informática,1,75.40
133,133,133,133,6,511,20,16,2,0,41,Ingeniería en Informática,1,75.40
134,134,134,134,6,514,31,21,1,0,38,Ingeniería en Informática,1,75.41
135,135,135,135,6,514,31,21,1,0,38,Ingeniería en Informática,1,75.40
136,136,136,136,6,533,5,3,0,1,4,Ingeniería en Informática,1,75.40
137,137,137,137,6,553,11,7,2,0,13,Ingeniería en Informática,1,75.40
138,138,138,138,6,592,20,10,1,0,36,Ingeniería en Informática,1,75.40
139,139,139,139,6,595,17,14,1,0,24,Ingeniería en Informática,1,75.40
140,140,140,140,6,595,17,14,1,0,24,Ingeniería en Informática,1,75.40
141,141,141,141,7,297,4,4,1,0,7,Ingeniería en Informática,1,75.40
142,142,142,142,7,297,4,4,1,0,7,Ingeniería en Informática,1,75.41
143,143,143,143,7,331,3,0,0,0,3,Licenciatura en Sistemas,1,75.40-95.40
144,144,144,144,7,331,3,0,0,0,3,Licenciatura en Sistemas,1,75.40
145,145,145,145,7,331,3,0,0,0,3,Licenciatura en Sistemas,1,75.41
146,146,146,146,7,336,2,6,1,0,14,Ingeniería en Informática,1,75.41
147,147,147,147,7,336,2,6,1,0,14,Ingeniería en Informática,1,75.40
148,148,148,148,7,336,2,6,1,0,14,Ingeniería en Informática,1,75.41
149,149,149,149,7,353,2,2,0,0,4,Ingeniería en Informática,1,75.40
150,150,150,150,7,353,2,2,0,0,4,Ingeniería en Informática,1,75.41
151,151,151,151,7,356,6,2,0,0,6,Ingeniería en Informática,1,75.40
152,152,152,152,7,356,6,2,0,0,6,Ingeniería en Informática,1,75.40
153,153,153,153,7,356,6,2,0,0,6,Ingeniería en Informática,1,75.41
154,154,154,154,7,363,1,1,1,0,2,Ingeniería en Informática,1,75.40
155,155,155,155,7,363,1,1,1,0,2,Ingeniería en Informática,1,75.41
156,156,156,156,7,417,0,2,0,0,4,Ingeniería en Informática,1,75.40-95.40
157,157,157,157,7,417,0,2,0,0,4,Ingeniería en Informática,1,75.41
158,158,158,158,7,519,2,2,0,0,3,Ingeniería en Informática,1,75.40-95.40
159,159,159,159,7,519,2,2,0,0,3,Ingeniería en Informática,1,75.40-95.40
160,160,160,160,7,519,2,2,0,0,3,Ingeniería en Informática,1,75.41
161,161,161,161,7,520,7,5,0,0,8,Licenciatura en Sistemas,1,75.40-95.40
162,162,162,162,7,520,7,5,0,0,8,Licenciatura en Sistemas,1,75.41
163,163,163,163,7,535,1,1,0,0,1,Ingeniería en Informática,1,75.40-95.40
164,164,164,164,7,535,1,1,0,0,1,Ingeniería en Informática,1,75.40-95.40
165,165,165,165,7,535,1,1,0,0,1,Ingeniería en Informática,1,75.41
166,166,166,166,7,607,1,1,1,0,0,Ingeniería en Informática,1,75.40-95.40
167,167,167,167,7,607,1,1,1,0,0,Ingeniería en Informática,1,75.41
168,168,168,168,7,617,1,1,0,0,1,Licenciatura en Sistemas,1,75.40-95.40
169,169,169,169,7,617,1,1,0,0,1,Licenciatura en Sistemas,1,75.41
170,170,170,170,7,759,3,4,0,0,8,Licenciatura en Sistemas,1,75.40
171,171,171,171,7,759,3,4,0,0,8,Licenciatura en Sistemas,1,75.41
172,172,172,172,7,817,4,5,1,0,6,Ingeniería en Informática,1,75.40
173,173,173,173,7,817,4,5,1,0,6,Ingeniería en Informática,1,75.41
174,174,174,174,7,818,7,5,2,0,10,Licenciatura en Sistemas,1,75.40
175,175,175,175,7,818,7,5,2,0,10,Licenciatura en Sistemas,1,75.41
176,176,176,176,7,822,7,7,1,0,12,Ingeniería en Informática,1,75.40
177,177,177,177,7,822,7,7,1,0,12,Ingeniería en Informática,1,75.41
178,178,178,178,7,824,22,16,2,0,23,Ingeniería en Informática,1,75.40
179,179,179,179,7,824,22,16,2,0,23,Ingeniería en Informática,1,75.41
180,180,180,180,7,833,1,0,0,0,3,Ingeniería en Informática,1,75.40
181,181,181,181,7,833,1,0,0,0,3,Ingeniería en Informática,1,75.41
182,182,182,182,7,842,0,1,0,0,3,Ingeniería en Informática,1,75.40
183,183,183,183,7,842,0,1,0,0,3,Ingeniería en Informática,1,75.41
184,184,184,184,7,843,16,9,3,0,20,Licenciatura en Sistemas,1,75.40
185,185,185,185,7,843,16,9,3,0,20,Licenciatura en Sistemas,1,75.41
186,186,186,186,7,845,2,2,0,0,7,Licenciatura en Sistemas,1,75.40
187,187,187,187,7,845,2,2,0,0,7,Licenciatura en Sistemas,1,75.41
188,188,188,188,7,848,3,3,0,0,5,Ingeniería en Informática,1,75.40
189,189,189,189,7,848,3,3,0,0,5,Ingeniería en Informática,1,75.41
190,190,190,190,7,853,5,1,0,0,5,Licenciatura en Sistemas,1,75.40
191,191,191,191,7,853,5,1,0,0,5,Licenciatura en Sistemas,1,75.41
192,192,192,192,7,863,2,2,0,0,4,Ingeniería en Informática,1,75.40
193,193,193,193,7,863,2,2,0,0,4,Ingeniería en Informática,1,75.41
194,194,194,194,7,872,11,11,3,0,20,Ingeniería en Informática,1,75.40
195,195,195,195,7,872,11,11,3,0,20,Ingeniería en Informática,1,75.41
196,196,196,196,7,875,10,9,1,0,14,Ingeniería en Informática,1,75.40
197,197,197,197,7,875,10,9,1,0,14,Ingeniería en Informática,1,75.41
198,198,198,198,7,880,0,0,0,0,2,Ingeniería en Informática,1,75.40
199,199,199,199,7,880,0,0,0,0,2,Ingeniería en Informática,1,75.41
200,200,200,200,7,902,5,3,1,0,8,Ingeniería en Informática,1,75.40
201,201,201,201,7,902,5,3,1,0,8,Ingeniería en Informática,1,75.41
202,202,202,202,7,906,2,1,0,0,4,Ingeniería en Informática,1,75.40
203,203,203,203,7,906,2,1,0,0,4,Ingeniería en Informática,1,75.41
204,204,204,204,7,929,3,3,1,0,8,Ingeniería en Informática,1,75.40
205,205,205,205,7,929,3,3,1,0,8,Ingeniería en Informática,1,75.41
206,206,206,206,7,942,3,2,1,0,5,Ingeniería en Informática,1,75.40
207,207,207,207,7,942,3,2,1,0,5,Ingeniería en Informática,1,75.41
208,208,208,208,7,955,10,6,4,0,20,Ingeniería en Informática,1,75.40
209,209,209,209,7,955,10,6,4,0,20,Ingeniería en Informática,1,75.41
210,210,210,210,7,961,4,3,1,0,6,Ingeniería en Informática,1,75.40
211,211,211,211,7,961,4,3,1,0,6,Ingeniería en Informática,1,75.41
212,212,212,212,7,1044,1,2,1,0,3,Ingeniería en Informática,1,75.40-95.40
213,213,213,213,7,1044,1,2,1,0,3,Ingeniería en Informática,1,75.41
214,214,214,214,7,1067,0,0,0,0,1,Ingeniería en Informática,1,75.40-95.40
215,215,215,215,7,1067,0,0,0,0,1,Ingeniería en Informática,1,75.41
216,216,216,216,7,1069,5,5,1,0,9,Ingeniería en Informática,1,75.40-95.40
217,217,217,217,7,1069,5,5,1,0,9,Ingeniería en Informática,1,75.41
218,218,218,218,7,1077,0,1,0,0,1,Ingeniería en Informática,1,75.40-95.40
219,219,219,219,7,1077,0,1,0,0,1,Ingeniería en Informática,1,75.41
220,220,220,220,7,1159,1,0,0,0,1,Ingeniería en Informática,1,75.40
221,221,221,221,7,1159,1,0,0,0,1,Ingeniería en Informática,1,75.41
222,222,222,222,7,1163,4,4,0,0,3,Ingeniería en Informática,1,75.40
223,223,223,223,7,1163,4,4,0,0,3,Ingeniería en Informática,1,75.41
224,224,224,224,7,1167,1,1,0,0,2,Licenciatura en Sistemas,1,75.40
225,225,225,225,7,1167,1,1,0,0,2,Licenciatura en Sistemas,1,75.41
226,226,226,226,7,1292,9,6,1,0,18,Ingeniería en Informática,1,75.41
227,227,227,227,7,1293,0,1,0,0,1,Ingeniería en Informática,1,75.41
228,228,228,228,7,1294,1,0,0,0,3,Ingeniería en Informática,1,75.41
229,229,229,229,7,1295,29,22,3,0,40,Ingeniería en Informática,1,75.41
230,230,230,230,7,1295,29,22,3,0,40,Ingeniería en Informática,1,75.41
231,231,231,231,9,103,1,3,0,2,5,Ingeniería en Informática,1,75.06
232,232,232,232,9,103,1,3,0,2,5,Ingeniería en Informática,1,75.40-95.40
233,233,233,233,9,103,1,3,0,2,5,Ingeniería en Informática,1,75.41
234,234,234,234,9,103,1,3,0,2,5,Ingeniería en Informática,1,75.01-95.01
235,235,235,235,9,187,1,11,0,4,10,Ingeniería en Informática,1,75.40-95.40
236,236,236,236,9,189,0,18,0,16,24,Ingeniería en Informática,1,75.40-95.40
237,237,237,237,9,190,0,7,1,0,7,Ingeniería en Informática,1,75.41
238,238,238,238,9,190,0,7,1,0,7,Ingeniería en Informática,1,75.40-95.40
239,239,239,239,9,240,1,106,7,38,101,Ingeniería en Informática,1,75.40-95.40
240,240,240,240,9,240,1,106,7,38,101,Ingeniería en Informática,1,75.41
241,241,241,241,9,254,11,33,1,13,34,Ingeniería en Informática,1,75.41
242,242,242,242,9,254,11,33,1,13,34,Ingeniería en Informática,1,75.40-95.40
243,243,243,243,9,257,3,79,4,26,179,Ingeniería en Informática,1,75.40-95.40
244,244,244,244,9,258,12,123,8,61,130,Ingeniería en Informática,1,75.41
245,245,245,245,9,258,12,123,8,61,130,Ingeniería en Informática,1,75.40-95.40
246,246,246,246,9,261,9,110,5,50,166,Ingeniería en Informática,1,75.41
247,247,247,247,9,261,9,110,5,50,166,Ingeniería en Informática,1,75.40-95.40
248,248,248,248,9,262,10,22,0,8,27,Ingeniería en Informática,1,75.41
249,249,249,249,9,262,10,22,0,8,27,Ingeniería en Informática,1,75.40-95.40
250,250,250,250,9,264,1,13,0,9,13,Ingeniería en Informática,1,75.41
251,251,251,251,9,264,1,13,0,9,13,Ingeniería en Informática,1,75.40-95.40
252,252,252,252,9,265,2,10,0,5,23,Ingeniería en Informática,1,75.40-95.40
253,253,253,253,9,265,2,10,0,5,23,Ingeniería en Informática,1,75.41-95.41
254,254,254,254,9,266,4,70,2,15,88,Ingeniería en Informática,1,75.41
255,255,255,255,9,266,4,70,2,15,88,Ingeniería en Informática,1,75.40-95.40
256,256,256,256,9,268,0,42,2,30,79,Ingeniería en Informática,1,75.40-95.40
257,257,257,257,9,268,0,42,2,30,79,Ingeniería en Informática,1,75.40-95.40
258,258,258,258,9,270,10,73,3,32,79,Licenciatura en Sistemas,1,75.41
259,259,259,259,9,270,10,73,3,32,79,Licenciatura en Sistemas,1,75.40-95.40
260,260,260,260,9,272,11,32,1,14,32,Ingeniería en Informática,1,75.41
261,261,261,261,9,272,11,32,1,14,32,Ingeniería en Informática,1,75.40-95.40
262,262,262,262,9,273,0,16,1,3,28,Licenciatura en Sistemas,1,75.40-95.40
263,263,263,263,9,273,0,16,1,3,28,Licenciatura en Sistemas,1,75.40-95.40
264,264,264,264,9,274,3,81,1,26,114,Ingeniería en Informática,1,75.40-95.40
265,265,265,265,9,275,0,9,0,6,8,Ingeniería en Informática,1,75.41
266,266,266,266,9,275,0,9,0,6,8,Ingeniería en Informática,1,75.40-95.40
267,267,267,267,9,276,0,10,0,8,8,Licenciatura en Sistemas,1,75.41
268,268,268,268,9,276,0,10,0,8,8,Licenciatura en Sistemas,1,75.40-95.40
269,269,269,269,9,281,0,1,0,2,0,Ingeniería en Informática,1,75.41
270,270,270,270,9,281,0,1,0,2,0,Ingeniería en Informática,1,75.40-95.40
271,271,271,271,9,284,2,11,1,4,18,Ingeniería en Informática,1,75.40-95.40
272,272,272,272,9,285,5,72,2,17,108,Ingeniería en Informática,1,75.41
273,273,273,273,9,285,5,72,2,17,108,Ingeniería en Informática,1,75.40-95.40
274,274,274,274,9,286,0,19,1,14,25,Ingeniería en Informática,1,75.40-95.40
275,275,275,275,9,286,0,19,1,14,25,Ingeniería en Informática,1,75.41
276,276,276,276,9,287,0,7,1,2,3,Ingeniería en Informática,1,75.41
277,277,277,277,9,287,0,7,1,2,3,Ingeniería en Informática,1,75.40-95.40
278,278,278,278,9,289,0,7,0,3,10,Ingeniería en Informática,1,75.41
279,279,279,279,9,289,0,7,0,3,10,Ingeniería en Informática,1,75.40-95.40
280,280,280,280,9,290,6,29,0,13,30,Ingeniería en Informática,1,75.41
281,281,281,281,9,290,6,29,0,13,30,Ingeniería en Informática,1,75.40-95.40
282,282,282,282,9,303,0,10,0,3,19,Ingeniería en Informática,1,75.40-95.40
283,283,283,283,9,313,0,14,1,7,25,Ingeniería en Informática,1,75.40-95.40
284,284,284,284,9,313,0,14,1,7,25,Ingeniería en Informática,1,75.40-95.40
285,285,285,285,9,344,7,49,2,19,53,Licenciatura en Sistemas,1,75.40-95.40
286,286,286,286,9,369,3,37,3,7,50,Ingeniería en Informática,1,75.41
287,287,287,287,9,369,3,37,3,7,50,Ingeniería en Informática,1,75.40-95.40
288,288,288,288,9,375,0,3,0,1,2,Ingeniería en Informática,1,75.40-95.40
289,289,289,289,9,375,0,3,0,1,2,Ingeniería en Informática,1,75.40-95.40
290,290,290,290,9,375,0,3,0,1,2,Ingeniería en Informática,1,75.41
291,291,291,291,9,375,0,3,0,1,2,Ingeniería en Informática,1,75.41
292,292,292,292,9,377,6,93,3,57,103,Ingeniería en Informática,1,75.41
293,293,293,293,9,377,6,93,3,57,103,Ingeniería en Informática,1,75.40-95.40
294,294,294,294,9,381,0,14,1,5,20,Ingeniería en Informática,1,75.41
295,295,295,295,9,381,0,14,1,5,20,Ingeniería en Informática,1,75.40-95.40
296,296,296,296,9,397,0,10,0,7,8,Licenciatura en Sistemas,1,75.40-95.40
297,297,297,297,9,406,0,2,0,1,2,Ingeniería en Informática,1,75.40
298,298,298,298,9,406,0,2,0,1,2,Ingeniería en Informática,1,75.40-95.40
299,299,299,299,9,416,0,51,3,30,66,Licenciatura en Sistemas,1,75.41
300,300,300,300,9,416,0,51,3,30,66,Licenciatura en Sistemas,1,75.40-95.40
301,301,301,301,9,417,0,15,1,5,25,Ingeniería en Informática,1,75.40-95.40
302,302,302,302,9,417,0,15,1,5,25,Ingeniería en Informática,1,75.41
303,303,303,303,9,418,3,3,1,3,5,Licenciatura en Sistemas,1,75.41
304,304,304,304,9,418,3,3,1,3,5,Licenciatura en Sistemas,1,75.40-95.40
305,305,305,305,9,420,0,15,0,7,18,Ingeniería en Informática,1,75.41
306,306,306,306,9,420,0,15,0,7,18,Ingeniería en Informática,1,75.40-95.40
307,307,307,307,9,424,0,105,5,44,119,Ingeniería en Informática,1,75.40-95.40
308,308,308,308,9,424,0,105,5,44,119,Ingeniería en Informática,1,75.41
309,309,309,309,9,498,0,4,0,4,1,Licenciatura en Sistemas,2,75.40-95.40
310,310,310,310,9,498,0,4,0,4,1,Licenciatura en Sistemas,1,75.40-95.40
311,311,311,311,9,535,0,6,0,7,9,Ingeniería en Informática,1,75.40-95.40
312,312,312,312,9,535,0,6,0,7,9,Ingeniería en Informática,1,75.40-95.40
313,313,313,313,9,535,0,6,0,7,9,Ingeniería en Informática,1,75.41
314,314,314,314,9,563,0,1,0,4,1,Licenciatura en Sistemas,1,75.40
315,315,315,315,9,563,0,1,0,4,1,Licenciatura en Sistemas,1,75.40-95.40
316,316,316,316,9,578,4,21,0,4,27,Ingeniería en Informática,1,75.41
317,317,317,317,9,578,4,21,0,4,27,Ingeniería en Informática,1,75.40-95.40
318,318,318,318,9,578,4,21,0,4,27,Ingeniería en Informática,1,75.41
319,319,319,319,9,584,0,10,0,7,8,Ingeniería en Informática,1,75.40-95.40
320,320,320,320,9,599,0,13,0,7,10,Ingeniería en Informática,1,75.40
321,321,321,321,9,599,0,13,0,7,10,Ingeniería en Informática,1,75.40-95.40
322,322,322,322,9,600,0,1,0,4,2,Ingeniería en Informática,1,75.40
323,323,323,323,9,600,0,1,0,4,2,Ingeniería en Informática,1,75.40-95.40
324,324,324,324,9,602,0,9,1,5,3,Ingeniería en Informática,1,75.40-95.40
325,325,325,325,9,607,0,14,0,4,14,Ingeniería en Informática,1,75.40-95.40
326,326,326,326,9,607,0,14,0,4,14,Ingeniería en Informática,1,75.41
327,327,327,327,9,608,1,1,0,0,1,Licenciatura en Sistemas,1,75.41
328,328,328,328,9,608,1,1,0,0,1,Licenciatura en Sistemas,1,75.40-95.40
329,329,329,329,9,609,10,20,0,4,24,Licenciatura en Sistemas,1,75.41
330,330,330,330,9,609,10,20,0,4,24,Licenciatura en Sistemas,1,75.40-95.40
331,331,331,331,10,383,0,8,0,2,15,Ingeniería en Informática,1,75.40-95.40
332,332,332,332,10,426,2,14,0,16,34,Ingeniería en Informática,1,75.40-95.40
333,333,333,333,10,426,2,14,0,16,34,Ingeniería en Informática,1,75.40-95.40
334,334,334,334,10,427,0,7,0,5,10,Ingeniería en Informática,1,75.40-95.40
335,335,335,335,10,428,0,20,3,4,34,Ingeniería en Informática,1,75.40-95.40
336,336,336,336,10,429,0,18,0,7,34,Licenciatura en Sistemas,1,75.41
337,337,337,337,10,429,0,18,0,7,34,Licenciatura en Sistemas,1,75.40-95.40
338,338,338,338,10,432,0,9,1,3,34,Licenciatura en Sistemas,1,75.41
339,339,339,339,10,432,0,9,1,3,34,Licenciatura en Sistemas,1,75.40-95.40
340,340,340,340,10,434,0,15,0,4,34,Ingeniería en Informática,1,75.41
341,341,341,341,10,434,0,15,0,4,34,Ingeniería en Informática,1,75.40-95.40
342,342,342,342,10,435,0,10,0,3,34,Ingeniería en Informática,1,75.40-95.40
343,343,343,343,10,436,0,19,1,10,34,Ingeniería en Informática,1,75.41
344,344,344,344,10,436,0,19,1,10,34,Ingeniería en Informática,1,75.40-95.40
345,345,345,345,10,437,0,18,1,3,34,Ingeniería en Informática,1,75.40-95.40
346,346,346,346,10,440,0,15,1,8,26,Ingeniería en Informática,1,75.41
347,347,347,347,10,440,0,15,1,8,26,Ingeniería en Informática,1,75.40-95.40
348,348,348,348,10,440,0,15,1,8,26,Ingeniería en Informática,1,75.01-95.01
349,349,349,349,10,441,0,6,0,1,34,Licenciatura en Sistemas,1,75.41
350,350,350,350,10,441,0,6,0,1,34,Licenciatura en Sistemas,1,75.40-95.40
351,351,351,351,10,442,0,13,0,6,34,Ingeniería en Informática,1,75.40-95.40
352,352,352,352,10,443,0,21,1,8,34,Licenciatura en Sistemas,1,75.40-95.40
353,353,353,353,10,444,0,15,0,5,34,Ingeniería en Informática,1,75.41
354,354,354,354,10,444,0,15,0,5,34,Ingeniería en Informática,1,75.40-95.40
355,355,355,355,10,444,0,15,0,5,34,Ingeniería en Informática,1,75.41-95.41
356,356,356,356,10,445,0,8,1,5,23,Ingeniería en Informática,1,75.40-95.40
357,357,357,357,10,446,0,23,1,15,33,Ingeniería en Informática,1,75.40-95.40
358,358,358,358,10,446,0,23,1,15,33,Ingeniería en Informática,1,75.41-95.41
359,359,359,359,10,447,0,10,0,2,32,Ingeniería en Informática,1,75.40-95.40
360,360,360,360,10,448,0,22,0,15,29,Ingeniería en Informática,1,75.41
361,361,361,361,10,448,0,22,0,15,29,Ingeniería en Informática,1,75.40-95.40
362,362,362,362,10,449,0,14,0,3,34,Ingeniería en Informática,1,75.41
363,363,363,363,10,449,0,14,0,3,34,Ingeniería en Informática,1,75.40-95.40
364,364,364,364,10,450,0,16,0,11,34,Ingeniería en Informática,1,75.40-95.40
365,365,365,365,10,451,0,9,0,3,22,Ingeniería en Informática,1,75.40-95.40
366,366,366,366,10,452,0,21,2,13,34,Licenciatura en Sistemas,1,75.40-95.40
367,367,367,367,10,453,0,12,0,3,34,Ingeniería en Informática,1,75.41
368,368,368,368,10,453,0,12,0,3,34,Ingeniería en Informática,1,75.40-95.40
369,369,369,369,10,454,0,9,1,5,28,Ingeniería en Informática,1,75.40-95.40
370,370,370,370,10,455,0,28,3,20,28,Ingeniería en Informática,1,75.40-95.40
371,371,371,371,10,455,0,28,3,20,28,Ingeniería en Informática,1,75.40-95.40
372,372,372,372,10,456,0,8,0,2,25,Ingeniería en Informática,1,75.40-95.40
373,373,373,373,10,456,0,8,0,2,25,Ingeniería en Informática,1,75.40-95.40
374,374,374,374,10,457,0,15,0,9,34,Ingeniería en Informática,1,75.40-95.40
375,375,375,375,10,458,0,17,1,8,34,Licenciatura en Sistemas,1,75.40-95.40
376,376,376,376,10,459,0,9,0,1,33,Ingeniería en Informática,1,75.40-95.40
377,377,377,377,10,460,0,8,0,2,34,Licenciatura en Sistemas,1,75.41
378,378,378,378,10,460,0,8,0,2,34,Licenciatura en Sistemas,1,75.40-95.40
379,379,379,379,10,461,0,12,1,5,26,Ingeniería en Informática,1,75.40-95.40
380,380,380,380,10,462,0,16,0,8,32,Ingeniería en Informática,1,75.41
381,381,381,381,10,462,0,16,0,8,32,Ingeniería en Informática,1,75.40-95.40
382,382,382,382,10,463,0,13,0,3,30,Licenciatura en Sistemas,1,75.40-95.40
383,383,383,383,10,464,0,10,0,3,34,Ingeniería en Informática,1,75.40-95.40
384,384,384,384,10,467,0,8,0,2,16,Licenciatura en Sistemas,1,75.40-95.40
385,385,385,385,10,468,0,14,0,1,34,Ingeniería en Informática,1,75.40-95.40
386,386,386,386,10,469,0,8,0,5,10,Ingeniería en Informática,1,75.40-95.40
387,387,387,387,10,470,0,20,0,11,34,Licenciatura en Sistemas,1,75.41
388,388,388,388,10,470,0,20,0,11,34,Licenciatura en Sistemas,1,75.40-95.40
389,389,389,389,10,471,0,12,0,6,28,Licenciatura en Sistemas,1,75.40-95.40
390,390,390,390,10,472,0,18,2,16,29,Licenciatura en Sistemas,1,75.40-95.40
391,391,391,391,10,473,0,27,0,20,34,Ingeniería en Informática,1,75.41
392,392,392,392,10,473,0,27,0,20,34,Ingeniería en Informática,1,75.40-95.40
393,393,393,393,10,474,0,7,0,3,34,Ingeniería en Informática,1,75.40-95.40
394,394,394,394,10,475,0,10,0,1,15,Ingeniería en Informática,1,75.40-95.40
395,395,395,395,10,475,0,10,0,1,15,Ingeniería en Informática,1,75.40-95.40
396,396,396,396,10,477,0,8,1,2,16,Ingeniería en Informática,1,75.40-95.40
397,397,397,397,10,478,0,11,0,8,24,Licenciatura en Sistemas,1,75.40
398,398,398,398,10,478,0,11,0,8,24,Licenciatura en Sistemas,1,75.40-95.40
399,399,399,399,10,479,0,3,0,0,17,Ingeniería en Informática,1,75.41
400,400,400,400,10,479,0,3,0,0,17,Ingeniería en Informática,1,75.40-95.40
401,401,401,401,10,481,0,15,1,5,27,Ingeniería en Informática,1,75.40-95.40
402,402,402,402,10,482,0,22,0,17,33,Licenciatura en Sistemas,1,75.40-95.40
403,403,403,403,10,483,0,9,0,5,32,Ingeniería en Informática,1,75.40-95.40
404,404,404,404,10,484,0,9,1,2,34,Ingeniería en Informática,1,75.41
405,405,405,405,10,484,0,9,1,2,34,Ingeniería en Informática,1,75.40-95.40
406,406,406,406,10,485,0,5,1,4,21,Licenciatura en Sistemas,1,75.40
407,407,407,407,10,485,0,5,1,4,21,Licenciatura en Sistemas,1,75.40-95.40
408,408,408,408,10,485,0,5,1,4,21,Licenciatura en Sistemas,1,75.40-95.40
409,409,409,409,10,486,0,11,0,2,31,Ingeniería en Informática,1,75.41
410,410,410,410,10,486,0,11,0,2,31,Ingeniería en Informática,1,75.40-95.40
411,411,411,411,10,489,0,10,0,3,34,Ingeniería en Informática,1,75.40-95.40
412,412,412,412,10,490,0,2,0,3,4,Licenciatura en Sistemas,1,75.40-95.40
413,413,413,413,10,491,0,8,0,4,32,Ingeniería en Informática,1,75.41
414,414,414,414,10,491,0,8,0,4,32,Ingeniería en Informática,1,75.40-95.40
415,415,415,415,10,492,0,7,0,7,8,Ingeniería en Informática,1,75.40-95.40
416,416,416,416,10,492,0,7,0,7,8,Ingeniería en Informática,1,75.41-95.41
417,417,417,417,10,495,0,7,0,3,11,Ingeniería en Informática,1,75.40
418,418,418,418,10,495,0,7,0,3,11,Ingeniería en Informática,1,75.40-95.40
419,419,419,419,10,496,0,16,2,11,33,Ingeniería en Informática,1,75.41
420,420,420,420,10,496,0,16,2,11,33,Ingeniería en Informática,1,75.40-95.40
421,421,421,421,10,497,0,14,2,10,34,Ingeniería en Informática,1,75.40-95.40
422,422,422,422,10,500,0,11,0,0,31,Ingeniería en Informática,1,75.40-95.40
423,423,423,423,10,502,0,23,0,12,34,Ingeniería en Informática,1,75.40-95.40
424,424,424,424,10,504,0,11,1,1,34,Licenciatura en Sistemas,1,75.40-95.40
425,425,425,425,10,505,0,18,1,7,20,Ingeniería en Informática,1,75.41
426,426,426,426,10,505,0,18,1,7,20,Ingeniería en Informática,1,75.40-95.40
427,427,427,427,10,506,0,7,0,3,7,Ingeniería en Informática,1,75.40-95.40
428,428,428,428,10,509,0,14,0,8,27,Ingeniería en Informática,1,75.40-95.40
429,429,429,429,10,512,0,8,1,8,16,Ingeniería en Informática,1,75.40-95.40
430,430,430,430,10,513,0,13,0,12,34,Licenciatura en Sistemas,1,75.40-95.40
431,431,431,431,10,515,0,6,0,3,5,Ingeniería en Informática,1,75.40-95.40
432,432,432,432,10,516,0,10,0,3,34,Licenciatura en Sistemas,1,75.40-95.40
433,433,433,433,10,517,0,16,0,6,34,Ingeniería en Informática,1,75.40-95.40
434,434,434,434,10,518,0,11,0,2,34,Ingeniería en Informática,1,75.40-95.40
435,435,435,435,10,518,0,11,0,2,34,Ingeniería en Informática,1,75.40-95.40
436,436,436,436,10,519,0,11,0,10,32,Ingeniería en Informática,1,75.40-95.40
437,437,437,437,10,519,0,11,0,10,32,Ingeniería en Informática,1,75.40-95.40
438,438,438,438,10,519,0,11,0,10,32,Ingeniería en Informática,1,75.41
439,439,439,439,10,520,0,11,0,5,34,Licenciatura en Sistemas,1,75.40-95.40
440,440,440,440,10,520,0,11,0,5,34,Licenciatura en Sistemas,1,75.41
441,441,441,441,10,522,0,3,0,0,4,Licenciatura en Sistemas,1,75.40-95.40
442,442,442,442,10,522,0,3,0,0,4,Licenciatura en Sistemas,1,75.40-95.40
443,443,443,443,10,523,0,11,0,5,15,Ingeniería en Informática,1,75.40
444,444,444,444,10,523,0,11,0,5,15,Ingeniería en Informática,1,75.40-95.40
445,445,445,445,10,525,0,7,0,3,19,Ingeniería en Informática,1,75.40-95.40
446,446,446,446,10,526,0,15,0,6,27,Ingeniería en Informática,1,75.40-95.40
447,447,447,447,10,526,0,15,0,6,27,Ingeniería en Informática,1,75.40-95.40
448,448,448,448,10,527,0,26,1,20,33,Ingeniería en Informática,1,75.40-95.40
449,449,449,449,10,528,0,15,1,16,31,Ingeniería en Informática,1,75.40-95.40
450,450,450,450,10,529,0,17,0,14,24,Ingeniería en Informática,1,75.40-95.40
451,451,451,451,10,534,0,10,0,6,18,Ingeniería en Informática,1,75.40-95.40
452,452,452,452,10,541,0,9,1,3,16,Ingeniería en Informática,1,75.40-95.40
453,453,453,453,10,545,0,3,0,2,4,Ingeniería en Informática,1,75.40-95.40
454,454,454,454,10,546,0,5,0,4,7,Ingeniería en Informática,1,75.40-95.40
455,455,455,455,10,547,0,16,0,2,32,Ingeniería en Informática,1,75.06
456,456,456,456,10,547,0,16,0,2,32,Ingeniería en Informática,1,75.41
457,457,457,457,10,547,0,16,0,2,32,Ingeniería en Informática,1,75.40-95.40
458,458,458,458,10,550,0,19,1,8,21,Ingeniería en Informática,1,75.40-95.40
459,459,459,459,10,551,0,15,1,6,28,Ingeniería en Informática,1,75.41
460,460,460,460,10,551,0,15,1,6,28,Ingeniería en Informática,1,75.40-95.40
461,461,461,461,10,552,0,18,3,12,20,Licenciatura en Sistemas,1,75.40-95.40
462,462,462,462,10,554,0,12,3,7,19,Licenciatura en Sistemas,1,75.40
463,463,463,463,10,554,0,12,3,7,19,Licenciatura en Sistemas,2,75.40-95.40
464,464,464,464,10,556,0,9,0,3,16,Ingeniería en Informática,1,75.40-95.40
465,465,465,465,10,557,0,12,0,13,25,Ingeniería en Informática,1,75.40-95.40
466,466,466,466,10,559,0,23,2,9,33,Ingeniería en Informática,1,75.40-95.40
467,467,467,467,10,560,0,14,0,6,26,Ingeniería en Informática,1,75.40-95.40
468,468,468,468,10,561,0,9,0,0,19,Ingeniería en Informática,1,75.40-95.40
469,469,469,469,10,564,0,15,0,4,24,Ingeniería en Informática,1,75.40-95.40
470,470,470,470,10,565,0,6,0,2,13,Ingeniería en Informática,1,75.40-95.40
471,471,471,471,10,565,0,6,0,2,13,Ingeniería en Informática,1,75.40-95.40
472,472,472,472,10,566,0,1,0,2,7,Licenciatura en Sistemas,1,75.40-95.40
473,473,473,473,10,569,0,9,1,1,17,Ingeniería en Informática,1,75.40-95.40
474,474,474,474,10,570,0,16,0,12,33,Ingeniería en Informática,1,75.40-95.40
475,475,475,475,10,571,0,11,0,2,34,Ingeniería en Informática,1,75.40-95.40
476,476,476,476,10,573,0,7,0,4,15,Ingeniería en Informática,1,75.40-95.40
477,477,477,477,10,580,0,13,0,3,32,Licenciatura en Sistemas,1,75.41
478,478,478,478,10,580,0,13,0,3,32,Licenciatura en Sistemas,1,75.40-95.40
479,479,479,479,10,587,0,25,0,23,32,Licenciatura en Sistemas,1,75.40-95.40
480,480,480,480,10,587,0,25,0,23,32,Licenciatura en Sistemas,1,75.40-95.40
481,481,481,481,10,589,0,1,0,2,4,Licenciatura en Sistemas,1,75.40-95.40
482,482,482,482,10,590,0,10,0,5,22,Ingeniería en Informática,1,75.40-95.40
483,483,483,483,10,593,0,1,0,0,3,Ingeniería en Informática,1,75.40-95.40
484,484,484,484,10,593,0,1,0,0,3,Ingeniería en Informática,1,75.40-95.40
485,485,485,485,11,63,8,7,0,0,6,Ingeniería en Informática,1,75.41
486,486,486,486,11,100,29,17,2,0,24,Ingeniería en Informática,1,75.41
487,487,487,487,11,103,1,1,0,0,0,Ingeniería en Informática,1,75.06
488,488,488,488,11,103,1,1,0,0,0,Ingeniería en Informática,1,75.40-95.40
489,489,489,489,11,103,1,1,0,0,0,Ingeniería en Informática,1,75.41
490,490,490,490,11,103,1,1,0,0,0,Ingeniería en Informática,1,75.01-95.01
491,491,491,491,11,149,14,18,0,3,29,Ingeniería en Informática,1,75.41
492,492,492,492,11,150,31,32,8,7,42,Ingeniería en Informática,1,75.41
493,493,493,493,11,191,30,28,6,4,37,Ingeniería en Informática,1,75.41
494,494,494,494,11,192,19,22,1,7,43,Ingeniería en Informática,1,75.41
495,495,495,495,11,193,0,1,0,0,1,Ingeniería en Informática,1,75.41
496,496,496,496,11,194,26,36,4,4,31,Ingeniería en Informática,1,75.41
497,497,497,497,11,196,5,2,1,0,4,Licenciatura en Sistemas,1,75.41
498,498,498,498,11,197,13,12,1,2,21,Licenciatura en Sistemas,1,75.06
499,499,499,499,11,197,13,12,1,2,21,Licenciatura en Sistemas,1,75.41
500,500,500,500,11,198,18,18,4,2,20,Ingeniería en Informática,1,75.06
501,501,501,501,11,198,18,18,4,2,20,Ingeniería en Informática,1,75.41
502,502,502,502,11,199,10,13,1,1,11,Ingeniería en Informática,1,75.41
503,503,503,503,11,200,1,1,0,0,0,Ingeniería en Informática,1,75.41
504,504,504,504,11,201,30,26,3,4,37,Ingeniería en Informática,1,75.41
505,505,505,505,11,202,4,4,0,1,8,Ingeniería en Informática,1,75.41
506,506,506,506,11,202,4,4,0,1,8,Ingeniería en Informática,1,75.41
507,507,507,507,11,202,4,4,0,1,8,Ingeniería en Informática,1,75.41-95.41
508,508,508,508,11,203,26,28,3,5,27,Ingeniería en Informática,1,75.41
509,509,509,509,11,205,17,15,3,1,21,Ingeniería en Informática,1,75.41
510,510,510,510,11,206,18,23,8,4,28,Ingeniería en Informática,1,75.06
511,511,511,511,11,206,18,23,8,4,28,Ingeniería en Informática,1,75.41
512,512,512,512,11,207,36,32,8,5,33,Ingeniería en Informática,1,75.41
513,513,513,513,11,208,23,27,3,4,37,Licenciatura en Sistemas,1,75.41
514,514,514,514,11,209,20,15,1,3,19,Ingeniería en Informática,1,75.41
515,515,515,515,11,210,20,20,0,2,24,Ingeniería en Informática,1,75.41
516,516,516,516,11,211,25,26,4,6,41,Ingeniería en Informática,1,75.41
517,517,517,517,11,212,4,2,1,0,2,Ingeniería en Informática,1,75.41
518,518,518,518,11,213,7,5,1,0,11,Ingeniería en Informática,1,75.41
519,519,519,519,11,215,7,6,4,0,16,Licenciatura en Sistemas,1,75.41
520,520,520,520,11,216,8,8,2,0,13,Ingeniería en Informática,1,75.41
521,521,521,521,11,217,21,21,3,3,40,Ingeniería en Informática,1,75.41
522,522,522,522,11,218,17,10,1,0,19,Ingeniería en Informática,1,75.41
523,523,523,523,11,219,6,6,1,0,7,Ingeniería en Informática,1,75.41
524,524,524,524,11,220,1,1,0,0,0,Ingeniería en Informática,1,75.41
525,525,525,525,11,221,19,16,2,5,24,Ingeniería en Informática,1,75.41
526,526,526,526,11,224,1,2,0,0,2,Ingeniería en Informática,1,75.41
527,527,527,527,11,226,22,33,3,5,33,Ingeniería en Informática,1,75.06
528,528,528,528,11,226,22,33,3,5,33,Ingeniería en Informática,1,75.41
529,529,529,529,11,227,14,22,3,3,22,Ingeniería en Informática,1,75.41
530,530,530,530,11,228,22,22,2,2,35,Ingeniería en Informática,1,75.41
531,531,531,531,11,229,31,35,10,5,36,Ingeniería en Informática,1,75.41
532,532,532,532,11,230,25,25,0,3,46,Ingeniería en Informática,1,75.41
533,533,533,533,11,231,27,27,2,5,48,Ingeniería en Informática,1,75.41
534,534,534,534,11,233,12,19,3,6,28,Ingeniería en Informática,1,75.41
535,535,535,535,11,234,16,15,1,0,13,Ingeniería en Informática,1,75.41
536,536,536,536,11,235,5,7,2,0,10,Licenciatura en Sistemas,1,75.41
537,537,537,537,11,235,5,7,2,0,10,Licenciatura en Sistemas,1,75.41
538,538,538,538,11,236,26,24,3,2,34,Ingeniería en Informática,1,75.41
539,539,539,539,11,237,2,1,0,0,0,Ingeniería en Informática,1,75.41
540,540,540,540,11,238,29,36,9,2,42,Ingeniería en Informática,1,75.41
541,541,541,541,11,240,34,41,9,8,39,Ingeniería en Informática,1,75.40-95.40
542,542,542,542,11,240,34,41,9,8,39,Ingeniería en Informática,1,75.41
543,543,543,543,11,241,27,32,7,4,43,Ingeniería en Informática,1,75.41
544,544,544,544,11,243,18,21,1,4,33,Ingeniería en Informática,1,75.41
545,545,545,545,11,244,20,30,6,1,48,Licenciatura en Sistemas,1,75.41
546,546,546,546,11,245,32,33,5,3,35,Ingeniería en Informática,1,75.41
547,547,547,547,11,246,23,27,2,5,38,Ingeniería en Informática,1,75.41
548,548,548,548,11,247,29,23,7,2,28,Ingeniería en Informática,1,75.41
549,549,549,549,11,249,12,17,3,5,26,Ingeniería en Informática,1,75.41
550,550,550,550,11,252,37,38,7,5,44,Ingeniería en Informática,1,75.41
551,551,551,551,11,260,24,32,4,6,42,Ingeniería en Informática,1,75.41
552,552,552,552,11,278,23,23,2,7,32,Licenciatura en Sistemas,1,75.41
553,553,553,553,11,280,3,11,0,5,14,Ingeniería en Informática,1,75.41
554,554,554,554,11,283,4,7,1,1,9,Ingeniería en Informática,1,75.41
555,555,555,555,11,288,19,24,2,5,26,Ingeniería en Informática,1,75.41
556,556,556,556,11,330,11,16,1,4,17,Ingeniería en Informática,1,75.41
557,557,557,557,11,372,32,39,9,6,49,Licenciatura en Sistemas,1,75.41
558,558,558,558,11,374,1,1,0,0,0,Ingeniería en Informática,1,75.41
559,559,559,559,11,376,35,31,6,5,43,Ingeniería en Informática,1,75.41
560,560,560,560,11,392,15,8,2,0,27,Ingeniería en Informática,1,75.41
561,561,561,561,11,403,14,9,0,0,27,Ingeniería en Informática,1,75.41
562,562,562,562,11,412,1,1,1,0,0,Ingeniería en Informática,1,75.41
563,563,563,563,11,413,14,20,0,2,27,Ingeniería en Informática,1,75.41
564,564,564,564,11,415,11,8,2,0,24,Ingeniería en Informática,1,75.41
565,565,565,565,11,424,27,28,7,6,30,Ingeniería en Informática,1,75.40-95.40
566,566,566,566,11,424,27,28,7,6,30,Ingeniería en Informática,1,75.41
567,567,567,567,11,425,0,0,0,0,1,Licenciatura en Sistemas,1,75.41
568,568,568,568,11,476,14,22,1,3,27,Ingeniería en Informática,1,75.41
569,569,569,569,11,499,29,27,1,0,35,Ingeniería en Informática,1,75.41
570,570,570,570,11,578,1,0,0,0,0,Ingeniería en Informática,1,75.41
571,571,571,571,11,578,1,0,0,0,0,Ingeniería en Informática,1,75.40-95.40
572,572,572,572,11,578,1,0,0,0,0,Ingeniería en Informática,1,75.41
573,573,573,573,11,579,8,5,1,0,9,Ingeniería en Informática,1,75.41
574,574,574,574,11,585,6,5,0,0,8,Ingeniería en Informática,1,75.41
575,575,575,575,11,596,1,3,0,2,2,Ingeniería en Informática,1,75.41
576,576,576,576,11,604,8,5,0,0,8,Licenciatura en Sistemas,1,75.06
577,577,577,577,11,604,8,5,0,0,8,Licenciatura en Sistemas,1,75.41
578,578,578,578,12,16,0,1,0,0,0,Ingeniería en Informática,1,75.06
579,579,579,579,12,57,0,1,0,1,0,Licenciatura en Sistemas,1,75.06
580,580,580,580,12,648,0,1,0,1,0,Licenciatura en Sistemas,1,75.06
581,581,581,581,12,655,0,3,0,1,1,Ingeniería en Informática,1,75.06
582,582,582,582,12,659,0,3,0,3,0,Licenciatura en Sistemas,1,75.06
583,583,583,583,12,664,0,1,0,0,0,Ingeniería en Informática,1,75.06
584,584,584,584,12,679,0,1,0,0,0,Ingeniería en Informática,1,75.06
585,585,585,585,12,685,0,1,0,0,0,Ingeniería en Informática,1,75.06
586,586,586,586,12,695,0,1,0,1,0,Ingeniería en Informática,1,75.06
587,587,587,587,12,705,0,1,0,1,0,Licenciatura en Sistemas,1,75.06
588,588,588,588,12,712,0,5,0,1,2,Ingeniería en Informática,1,75.06
589,589,589,589,12,754,0,2,0,0,0,Ingeniería en Informática,1,75.06
590,590,590,590,12,781,0,1,0,1,1,Ingeniería en Informática,1,75.06
591,591,591,591,12,802,0,2,0,2,0,Licenciatura en Sistemas,1,75.06
592,592,592,592,12,912,0,1,0,0,0,Ingeniería en Informática,1,75.06
593,593,593,593,12,981,0,2,0,1,1,Ingeniería en Informática,1,75.06
594,594,594,594,13,71,19,12,0,0,29,Ingeniería en Informática,1,75.40
595,595,595,595,13,186,9,6,1,0,11,Ingeniería en Informática,1,75.40
596,596,596,596,13,186,9,6,1,0,11,Ingeniería en Informática,1,75.40
597,597,597,597,13,186,9,6,1,0,11,Ingeniería en Informática,1,75.40-95.40
598,598,598,598,13,186,9,6,1,0,11,Ingeniería en Informática,1,75.41
599,599,599,599,13,255,43,37,4,0,50,Ingeniería en Informática,1,75.40
600,600,600,600,13,255,43,37,4,0,50,Ingeniería en Informática,1,75.40-95.40
601,601,601,601,13,279,7,5,1,0,10,Licenciatura en Sistemas,1,75.40
602,602,602,602,13,282,49,33,1,0,61,Ingeniería en Informática,1,75.40
603,603,603,603,13,294,32,26,1,0,59,Licenciatura en Sistemas,1,75.40
604,604,604,604,13,294,32,26,1,0,59,Licenciatura en Sistemas,1,75.40
605,605,605,605,13,306,36,28,2,0,70,Ingeniería en Informática,1,75.40
606,606,606,606,13,306,36,28,2,0,70,Ingeniería en Informática,1,75.40
607,607,607,607,13,306,36,28,2,0,70,Ingeniería en Informática,1,75.41
608,608,608,608,13,317,21,15,0,0,29,Ingeniería en Informática,1,75.40
609,609,609,609,13,317,21,15,0,0,29,Ingeniería en Informática,1,75.40
610,610,610,610,13,325,24,19,1,0,32,Ingeniería en Informática,1,75.40
611,611,611,611,13,325,24,19,1,0,32,Ingeniería en Informática,1,75.40
612,612,612,612,13,326,12,24,1,0,46,Licenciatura en Sistemas,1,75.40
613,613,613,613,13,326,12,24,1,0,46,Licenciatura en Sistemas,1,75.40
614,614,614,614,13,333,17,12,0,0,25,Ingeniería en Informática,1,75.40
615,615,615,615,13,334,16,21,3,0,46,Ingeniería en Informática,1,75.40
616,616,616,616,13,334,16,21,3,0,46,Ingeniería en Informática,1,75.40
617,617,617,617,13,340,12,12,1,0,19,Ingeniería en Informática,1,75.40
618,618,618,618,13,340,12,12,1,0,19,Ingeniería en Informática,1,75.40
619,619,619,619,13,346,10,14,1,0,21,Ingeniería en Informática,1,75.40
620,620,620,620,13,346,10,14,1,0,21,Ingeniería en Informática,1,75.40
621,621,621,621,13,348,29,23,0,0,32,Ingeniería en Informática,1,75.40
622,622,622,622,13,348,29,23,0,0,32,Ingeniería en Informática,1,75.40
623,623,623,623,13,355,29,19,0,0,36,Ingeniería en Informática,1,75.40
624,624,624,624,13,355,29,19,0,0,36,Ingeniería en Informática,1,75.40
625,625,625,625,13,356,39,42,7,0,62,Ingeniería en Informática,1,75.40
626,626,626,626,13,356,39,42,7,0,62,Ingeniería en Informática,1,75.40
627,627,627,627,13,356,39,42,7,0,62,Ingeniería en Informática,1,75.41
628,628,628,628,13,357,29,20,1,0,41,Licenciatura en Sistemas,1,75.40
629,629,629,629,13,357,29,20,1,0,41,Licenciatura en Sistemas,1,75.40
630,630,630,630,13,368,15,11,0,0,18,Ingeniería en Informática,1,75.40
631,631,631,631,13,368,15,11,0,0,18,Ingeniería en Informática,1,75.40
632,632,632,632,13,373,13,10,0,0,11,Ingeniería en Informática,1,75.40
633,633,633,633,13,373,13,10,0,0,11,Ingeniería en Informática,1,75.40-95.40
634,634,634,634,13,405,34,29,2,0,70,Ingeniería en Informática,1,75.40
635,635,635,635,13,405,34,29,2,0,70,Ingeniería en Informática,1,75.40
636,636,636,636,13,406,1,1,0,0,1,Ingeniería en Informática,1,75.40
637,637,637,637,13,406,1,1,0,0,1,Ingeniería en Informática,1,75.40-95.40
638,638,638,638,13,409,40,39,2,0,56,Ingeniería en Informática,1,75.40
639,639,639,639,13,409,40,39,2,0,56,Ingeniería en Informática,1,75.40
640,640,640,640,13,409,40,39,2,0,56,Ingeniería en Informática,1,75.41
641,641,641,641,13,466,26,19,1,0,39,Ingeniería en Informática,1,75.40
642,642,642,642,13,503,29,21,1,0,33,Ingeniería en Informática,1,75.40
643,643,643,643,13,523,2,2,0,0,2,Ingeniería en Informática,1,75.40
644,644,644,644,13,523,2,2,0,0,2,Ingeniería en Informática,1,75.40-95.40
645,645,645,645,13,530,3,6,0,0,11,Ingeniería en Informática,1,75.40
646,646,646,646,13,554,14,9,2,0,20,Licenciatura en Sistemas,1,75.40
647,647,647,647,13,554,14,9,2,0,20,Licenciatura en Sistemas,2,75.40-95.40
648,648,648,648,13,600,3,4,0,1,3,Ingeniería en Informática,1,75.40
649,649,649,649,13,600,3,4,0,1,3,Ingeniería en Informática,1,75.40-95.40
650,650,650,650,13,658,4,4,0,0,5,Ingeniería en Informática,1,75.40
651,651,651,651,13,681,43,34,8,0,64,Licenciatura en Sistemas,1,75.40
652,652,652,652,13,689,24,19,0,0,38,Ingeniería en Informática,1,75.40
653,653,653,653,13,700,30,25,2,0,33,Ingeniería en Informática,1,75.40
654,654,654,654,13,700,30,25,2,0,33,Ingeniería en Informática,1,75.40-95.40
655,655,655,655,13,759,35,22,1,0,48,Licenciatura en Sistemas,1,75.40
656,656,656,656,13,759,35,22,1,0,48,Licenciatura en Sistemas,1,75.41
657,657,657,657,13,760,56,45,5,0,66,Ingeniería Industrial,1,75.40
658,658,658,658,13,761,38,39,2,0,72,Licenciatura en Sistemas,1,75.40
659,659,659,659,13,775,2,1,0,0,1,Ingeniería en Informática,1,75.40
660,660,660,660,13,784,10,10,0,0,12,Ingeniería en Informática,1,75.40
661,661,661,661,13,785,14,22,1,0,30,Ingeniería Civil,1,75.40
662,662,662,662,13,803,32,18,0,0,36,Ingeniería en Informática,1,75.40
663,663,663,663,13,805,42,34,1,0,58,Ingeniería en Informática,1,75.40
664,664,664,664,13,808,24,25,0,0,50,Ingeniería en Informática,1,75.40
665,665,665,665,13,809,43,34,0,1,53,Ingeniería Electrónica,1,75.40
666,666,666,666,13,810,15,7,0,0,35,Ingeniería en Informática,1,75.40
667,667,667,667,13,810,15,7,0,0,35,Ingeniería en Informática,1,75.01-95.01
668,668,668,668,13,810,15,7,0,0,35,Ingeniería en Informática,1,75.41
669,669,669,669,13,811,23,19,0,0,36,Ingeniería en Informática,1,75.40
670,670,670,670,13,813,3,1,1,0,1,Ingeniería en Informática,1,75.40
671,671,671,671,13,814,35,27,5,0,32,Ingeniería en Informática,1,75.40
672,672,672,672,13,815,36,24,3,0,71,Ingeniería en Informática,1,75.40
673,673,673,673,13,816,50,33,1,0,71,Licenciatura en Sistemas,1,75.40
674,674,674,674,13,816,50,33,1,0,71,Licenciatura en Sistemas,1,75.41
675,675,675,675,13,817,30,28,3,0,41,Ingeniería en Informática,1,75.40
676,676,676,676,13,817,30,28,3,0,41,Ingeniería en Informática,1,75.41
677,677,677,677,13,818,34,20,2,0,41,Licenciatura en Sistemas,1,75.40
678,678,678,678,13,818,34,20,2,0,41,Licenciatura en Sistemas,1,75.41
679,679,679,679,13,819,11,9,1,0,9,Ingeniería en Informática,1,75.40
680,680,680,680,13,819,11,9,1,0,9,Ingeniería en Informática,1,75.41
681,681,681,681,13,820,40,33,3,0,72,Ingeniería en Informática,1,75.40
682,682,682,682,13,820,40,33,3,0,72,Ingeniería en Informática,1,75.41
683,683,683,683,13,821,49,34,3,0,69,Ingeniería en Informática,1,75.40
684,684,684,684,13,821,49,34,3,0,69,Ingeniería en Informática,1,75.41
685,685,685,685,13,822,5,5,0,0,10,Ingeniería en Informática,1,75.40
686,686,686,686,13,822,5,5,0,0,10,Ingeniería en Informática,1,75.41
687,687,687,687,13,823,43,31,0,0,58,Ingeniería en Informática,1,75.40
688,688,688,688,13,824,40,50,3,0,68,Ingeniería en Informática,1,75.40
689,689,689,689,13,824,40,50,3,0,68,Ingeniería en Informática,1,75.41
690,690,690,690,13,826,26,16,0,0,41,Ingeniería en Informática,1,75.40
691,691,691,691,13,827,12,8,0,0,15,Licenciatura en Sistemas,1,75.40
692,692,692,692,13,828,8,8,0,0,12,Ingeniería en Informática,1,75.40
693,693,693,693,13,829,48,38,4,0,72,Licenciatura en Sistemas,1,75.40
694,694,694,694,13,829,48,38,4,0,72,Licenciatura en Sistemas,1,75.41-95.41
695,695,695,695,13,831,11,6,0,0,13,Ingeniería en Informática,1,75.40
696,696,696,696,13,832,40,24,1,0,41,Licenciatura en Sistemas,1,75.40
697,697,697,697,13,833,12,8,0,0,23,Ingeniería en Informática,1,75.40
698,698,698,698,13,833,12,8,0,0,23,Ingeniería en Informática,1,75.41
699,699,699,699,13,834,2,2,0,0,2,Ingeniería en Informática,1,75.40
700,700,700,700,13,835,17,15,2,0,14,Ingeniería en Informática,1,75.40
701,701,701,701,13,836,21,18,0,0,37,Ingeniería en Informática,1,75.40
702,702,702,702,13,837,40,29,5,0,60,Ingeniería en Informática,1,75.40
703,703,703,703,13,838,29,21,1,0,29,Ingeniería en Informática,1,75.40
704,704,704,704,13,839,37,35,3,0,60,Ingeniería en Informática,1,75.40
705,705,705,705,13,841,17,19,4,0,33,Ingeniería en Informática,1,75.40
706,706,706,706,13,842,39,33,1,0,59,Ingeniería en Informática,1,75.40
707,707,707,707,13,842,39,33,1,0,59,Ingeniería en Informática,1,75.41
708,708,708,708,13,843,53,35,1,0,72,Licenciatura en Sistemas,1,75.40
709,709,709,709,13,843,53,35,1,0,72,Licenciatura en Sistemas,1,75.41
710,710,710,710,13,845,25,19,1,0,36,Licenciatura en Sistemas,1,75.40
711,711,711,711,13,845,25,19,1,0,36,Licenciatura en Sistemas,1,75.41
712,712,712,712,13,846,11,8,1,0,16,Ingeniería en Informática,1,75.40
713,713,713,713,13,847,45,41,3,0,65,Ingeniería en Informática,1,75.40
714,714,714,714,13,848,41,42,7,0,66,Ingeniería en Informática,1,75.40
715,715,715,715,13,848,41,42,7,0,66,Ingeniería en Informática,1,75.41
716,716,716,716,13,849,39,22,1,0,57,Ingeniería en Informática,1,75.40
717,717,717,717,13,850,11,8,0,0,11,Ingeniería en Informática,1,75.40
718,718,718,718,13,851,2,2,1,0,3,Ingeniería en Informática,1,75.40
719,719,719,719,13,852,17,12,0,0,33,Ingeniería en Informática,1,75.40
720,720,720,720,13,852,17,12,0,0,33,Ingeniería en Informática,1,75.41
721,721,721,721,13,853,63,38,2,1,68,Licenciatura en Sistemas,1,75.40
722,722,722,722,13,853,63,38,2,1,68,Licenciatura en Sistemas,1,75.41
723,723,723,723,13,854,0,0,0,0,1,Ingeniería en Informática,1,75.40
724,724,724,724,13,855,10,11,0,0,11,Licenciatura en Sistemas,1,75.40
725,725,725,725,13,857,43,28,4,0,72,Ingeniería en Informática,1,75.40
726,726,726,726,13,858,44,29,2,0,56,Ingeniería en Informática,1,75.40
727,727,727,727,13,859,20,12,1,0,44,Ingeniería en Informática,1,75.40
728,728,728,728,13,860,52,38,1,0,62,Ingeniería en Informática,1,75.40
729,729,729,729,13,860,52,38,1,0,62,Ingeniería en Informática,1,75.41
730,730,730,730,13,861,3,3,1,0,2,Licenciatura en Sistemas,1,75.40
731,731,731,731,13,863,26,30,1,0,59,Ingeniería en Informática,1,75.40
732,732,732,732,13,863,26,30,1,0,59,Ingeniería en Informática,1,75.41
733,733,733,733,13,864,8,6,1,0,22,Ingeniería en Informática,1,75.40
734,734,734,734,13,865,42,35,0,0,66,Ingeniería en Informática,1,75.40
735,735,735,735,13,865,42,35,0,0,66,Ingeniería en Informática,1,75.01-95.01
736,736,736,736,13,865,42,35,0,0,66,Ingeniería en Informática,1,75.41-95.41
737,737,737,737,13,866,39,34,4,0,72,Ingeniería en Informática,1,75.40
738,738,738,738,13,867,24,18,0,0,32,Licenciatura en Sistemas,1,75.40
739,739,739,739,13,869,19,16,1,0,41,Licenciatura en Sistemas,1,75.40
740,740,740,740,13,872,41,48,3,0,51,Ingeniería en Informática,1,75.40
741,741,741,741,13,872,41,48,3,0,51,Ingeniería en Informática,1,75.41
742,742,742,742,13,874,38,31,6,0,70,Ingeniería en Informática,1,75.40
743,743,743,743,13,874,38,31,6,0,70,Ingeniería en Informática,1,75.41
744,744,744,744,13,875,35,27,1,0,41,Ingeniería en Informática,1,75.40
745,745,745,745,13,875,35,27,1,0,41,Ingeniería en Informática,1,75.41
746,746,746,746,13,878,17,14,2,0,15,Licenciatura en Sistemas,1,75.40
747,747,747,747,13,878,17,14,2,0,15,Licenciatura en Sistemas,1,75.40-95.40
748,748,748,748,13,879,6,6,1,0,24,Ingeniería en Informática,1,75.40
749,749,749,749,13,880,46,36,2,1,61,Ingeniería en Informática,1,75.40
750,750,750,750,13,880,46,36,2,1,61,Ingeniería en Informática,1,75.41
751,751,751,751,13,881,5,2,0,0,5,Ingeniería en Informática,1,75.40
752,752,752,752,13,881,5,2,0,0,5,Ingeniería en Informática,1,75.41
753,753,753,753,13,902,15,9,0,0,20,Ingeniería en Informática,1,75.40
754,754,754,754,13,902,15,9,0,0,20,Ingeniería en Informática,1,75.41
755,755,755,755,13,903,1,1,0,0,2,Ingeniería en Informática,1,75.40
756,756,756,756,13,905,6,1,0,0,2,Licenciatura en Sistemas,1,75.40
757,757,757,757,13,906,27,22,3,0,31,Ingeniería en Informática,1,75.40
758,758,758,758,13,906,27,22,3,0,31,Ingeniería en Informática,1,75.41
759,759,759,759,13,918,1,1,0,0,1,Licenciatura en Sistemas,1,75.40
760,760,760,760,13,919,36,31,3,0,58,Ingeniería en Informática,1,75.40
761,761,761,761,13,919,36,31,3,0,58,Ingeniería en Informática,1,75.41
762,762,762,762,13,920,18,12,2,0,15,Licenciatura en Sistemas,1,75.40
763,763,763,763,13,920,18,12,2,0,15,Licenciatura en Sistemas,1,75.40-95.40
764,764,764,764,13,921,52,37,2,1,72,Ingeniería en Informática,1,75.40
765,765,765,765,13,922,23,12,0,0,31,Ingeniería en Informática,1,75.40
766,766,766,766,13,924,2,3,0,0,1,Licenciatura en Sistemas,1,75.40
767,767,767,767,13,924,2,3,0,0,1,Licenciatura en Sistemas,1,75.40-95.40
768,768,768,768,13,928,8,12,1,0,18,Ingeniería en Informática,1,75.40
769,769,769,769,13,929,34,28,1,1,65,Ingeniería en Informática,1,75.40
770,770,770,770,13,929,34,28,1,1,65,Ingeniería en Informática,1,75.41
771,771,771,771,13,935,26,22,1,0,40,Ingeniería en Informática,1,75.40
772,772,772,772,13,939,19,18,1,0,50,Ingeniería en Informática,1,75.40
773,773,773,773,13,939,19,18,1,0,50,Ingeniería en Informática,1,75.01-95.01
774,774,774,774,13,942,55,41,1,0,68,Ingeniería en Informática,1,75.40
775,775,775,775,13,942,55,41,1,0,68,Ingeniería en Informática,1,75.41
776,776,776,776,13,943,37,31,4,0,70,Ingeniería en Informática,1,75.40
777,777,777,777,13,950,11,7,1,1,9,Ingeniería en Informática,1,75.40
778,778,778,778,13,951,24,23,2,0,31,Licenciatura en Sistemas,1,75.40
779,779,779,779,13,952,32,29,1,0,60,Ingeniería en Informática,1,75.40
780,780,780,780,13,953,35,27,2,0,58,Licenciatura en Sistemas,1,75.40
781,781,781,781,13,955,42,30,1,1,65,Ingeniería en Informática,1,75.40
782,782,782,782,13,955,42,30,1,1,65,Ingeniería en Informática,1,75.41
783,783,783,783,13,956,48,33,3,0,66,Ingeniería en Informática,1,75.40
784,784,784,784,13,958,6,3,0,0,6,Ingeniería en Informática,1,75.40
785,785,785,785,13,959,11,10,2,0,20,Ingeniería en Informática,1,75.40
786,786,786,786,13,960,22,19,1,0,31,Ingeniería en Informática,1,75.40
787,787,787,787,13,961,48,40,5,1,59,Ingeniería en Informática,1,75.40
788,788,788,788,13,961,48,40,5,1,59,Ingeniería en Informática,1,75.41
789,789,789,789,13,963,3,4,0,0,2,Ingeniería en Informática,1,75.40
790,790,790,790,13,964,9,6,0,0,8,Ingeniería en Informática,1,75.40
791,791,791,791,13,967,25,14,0,1,34,Ingeniería en Informática,1,75.40
792,792,792,792,13,968,43,32,1,0,62,Ingeniería en Informática,1,75.40
793,793,793,793,13,972,14,10,0,0,17,Ingeniería en Informática,1,75.40
794,794,794,794,13,973,19,17,1,0,20,Licenciatura en Sistemas,1,75.40
795,795,795,795,13,980,20,15,1,0,48,Ingeniería en Informática,1,75.40
796,796,796,796,13,983,53,38,2,0,69,Ingeniería en Informática,1,75.40
797,797,797,797,13,984,30,22,4,0,46,Ingeniería en Informática,1,75.40
798,798,798,798,13,985,6,5,0,0,7,Ingeniería en Informática,1,75.40
799,799,799,799,13,987,0,2,0,0,2,Licenciatura en Sistemas,1,75.40
800,800,800,800,13,990,3,1,0,0,1,Licenciatura en Sistemas,1,75.40
801,801,801,801,13,993,21,19,2,1,42,Licenciatura en Sistemas,1,75.40
802,802,802,802,13,996,34,21,1,0,39,Ingeniería en Informática,1,75.40
803,803,803,803,13,1026,17,11,0,0,20,Licenciatura en Sistemas,1,75.40
804,804,804,804,13,1026,17,11,0,0,20,Licenciatura en Sistemas,1,75.41
805,805,805,805,13,1033,3,3,0,1,3,Licenciatura en Sistemas,1,75.40
806,806,806,806,13,1096,15,5,0,0,28,Licenciatura en Sistemas,1,75.40
807,807,807,807,13,1102,11,8,0,0,23,Licenciatura en Sistemas,1,75.40
808,808,808,808,13,1107,5,2,0,1,6,Licenciatura en Sistemas,1,75.40
809,809,809,809,13,1108,14,10,0,0,21,Ingeniería en Informática,1,75.40
810,810,810,810,13,1110,26,24,1,0,39,Licenciatura en Sistemas,1,75.40
811,811,811,811,13,1128,42,37,1,1,56,Licenciatura en Sistemas,1,75.40
812,812,812,812,13,1130,0,1,0,0,2,Ingeniería en Informática,1,75.40
813,813,813,813,13,1131,41,40,1,1,70,Licenciatura en Sistemas,1,75.40
814,814,814,814,13,1131,41,40,1,1,70,Licenciatura en Sistemas,1,75.41
815,815,815,815,13,1134,1,3,0,0,7,Licenciatura en Sistemas,1,75.40
816,816,816,816,13,1135,9,7,0,0,8,Licenciatura en Sistemas,1,75.40
817,817,817,817,13,1238,1,3,0,0,2,Ingeniería en Informática,1,75.40
818,818,818,818,13,1240,0,1,0,0,0,Ingeniería en Informática,1,75.40
819,819,819,819,14,268,0,1,0,0,1,Ingeniería en Informática,1,75.40-95.40
820,820,820,820,14,268,0,1,0,0,1,Ingeniería en Informática,1,75.40-95.40
821,821,821,821,14,273,6,43,1,12,84,Licenciatura en Sistemas,1,75.40-95.40
822,822,822,822,14,273,6,43,1,12,84,Licenciatura en Sistemas,1,75.40-95.40
823,823,823,823,14,331,7,57,4,26,71,Licenciatura en Sistemas,1,75.40-95.40
824,824,824,824,14,331,7,57,4,26,71,Licenciatura en Sistemas,1,75.40
825,825,825,825,14,331,7,57,4,26,71,Licenciatura en Sistemas,1,75.41
826,826,826,826,14,375,0,5,0,4,10,Ingeniería en Informática,1,75.40-95.40
827,827,827,827,14,375,0,5,0,4,10,Ingeniería en Informática,1,75.40-95.40
828,828,828,828,14,375,0,5,0,4,10,Ingeniería en Informática,1,75.41
829,829,829,829,14,375,0,5,0,4,10,Ingeniería en Informática,1,75.41
830,830,830,830,14,394,0,6,0,4,9,Ingeniería en Informática,1,75.40-95.40
831,831,831,831,14,394,0,6,0,4,9,Ingeniería en Informática,1,75.40
832,832,832,832,14,394,0,6,0,4,9,Ingeniería en Informática,1,75.40-95.40
833,833,833,833,14,410,0,1,0,0,4,Licenciatura en Sistemas,1,75.40-95.40
834,834,834,834,14,410,0,1,0,0,4,Licenciatura en Sistemas,1,75.40-95.40
835,835,835,835,14,498,1,4,0,1,4,Licenciatura en Sistemas,2,75.40-95.40
836,836,836,836,14,498,1,4,0,1,4,Licenciatura en Sistemas,1,75.40-95.40
837,837,837,837,14,614,0,38,0,3,81,Ingeniería en Informática,1,75.40-95.40
838,838,838,838,14,615,0,10,1,0,14,Ingeniería en Informática,1,75.40-95.40
839,839,839,839,14,615,0,10,1,0,14,Ingeniería en Informática,1,75.40-95.40
840,840,840,840,14,617,9,73,3,33,83,Licenciatura en Sistemas,1,75.40-95.40
841,841,841,841,14,617,9,73,3,33,83,Licenciatura en Sistemas,1,75.41
842,842,842,842,14,618,6,33,0,17,55,Ingeniería en Informática,1,75.40-95.40
843,843,843,843,14,618,6,33,0,17,55,Ingeniería en Informática,1,75.41-95.41
844,844,844,844,14,619,3,26,1,10,35,Ingeniería en Informática,1,75.40-95.40
845,845,845,845,14,620,5,47,2,16,103,Ingeniería en Informática,1,75.40-95.40
846,846,846,846,14,620,5,47,2,16,103,Ingeniería en Informática,1,75.41-95.41
847,847,847,847,14,621,0,5,0,4,8,Ingeniería en Informática,1,75.40-95.40
848,848,848,848,14,622,0,10,0,5,17,Ingeniería en Informática,1,75.40-95.40
849,849,849,849,14,624,0,18,0,3,47,Ingeniería en Informática,1,75.40-95.40
850,850,850,850,14,625,8,20,0,4,37,Ingeniería en Informática,1,75.40-95.40
851,851,851,851,14,657,0,4,0,7,6,Ingeniería en Informática,1,75.40-95.40
852,852,852,852,14,660,0,19,1,13,18,Licenciatura en Sistemas,1,75.40-95.40
853,853,853,853,14,660,0,19,1,13,18,Licenciatura en Sistemas,1,75.01-95.01
854,854,854,854,14,661,0,5,0,3,6,Licenciatura en Sistemas,1,75.40-95.40
855,855,855,855,14,696,2,57,2,27,79,Ingeniería en Informática,1,75.40-95.40
856,856,856,856,14,698,0,3,0,2,2,Ingeniería en Informática,1,75.40-95.40
857,857,857,857,14,698,0,3,0,2,2,Ingeniería en Informática,1,75.40-95.40
858,858,858,858,14,706,3,70,4,20,130,Ingeniería en Informática,1,75.40-95.40
859,859,859,859,14,706,3,70,4,20,130,Ingeniería en Informática,1,75.41-95.41
860,860,860,860,14,707,8,48,3,18,69,Ingeniería en Informática,1,75.40-95.40
861,861,861,861,14,707,8,48,3,18,69,Ingeniería en Informática,1,75.41-95.41
862,862,862,862,14,710,8,70,3,28,88,Ingeniería en Informática,1,75.40-95.40
863,863,863,863,14,718,0,41,0,17,82,Ingeniería en Informática,1,75.40-95.40
864,864,864,864,14,724,0,8,0,8,3,Ingeniería en Informática,1,75.40-95.40
865,865,865,865,14,726,0,21,0,8,22,Licenciatura en Sistemas,1,75.40-95.40
866,866,866,866,14,728,0,1,0,1,1,Ingeniería en Informática,1,75.40-95.40
867,867,867,867,14,730,0,46,1,30,69,Ingeniería en Informática,1,75.40-95.40
868,868,868,868,14,732,10,81,6,30,119,Ingeniería en Informática,1,75.40-95.40
869,869,869,869,14,732,10,81,6,30,119,Ingeniería en Informática,1,75.41-95.41
870,870,870,870,14,733,0,6,0,2,8,Licenciatura en Sistemas,1,75.40-95.40
871,871,871,871,14,734,4,33,2,19,49,Ingeniería en Informática,1,75.40-95.40
872,872,872,872,14,735,7,61,1,23,91,Ingeniería en Informática,1,75.40-95.40
873,873,873,873,14,736,2,72,3,35,135,Ingeniería en Informática,1,75.40-95.40
874,874,874,874,14,737,0,7,0,4,13,Licenciatura en Sistemas,1,75.40-95.40
875,875,875,875,14,738,9,80,2,14,129,Ingeniería en Informática,1,75.40-95.40
876,876,876,876,14,739,4,47,3,11,70,Licenciatura en Sistemas,1,75.40-95.40
877,877,877,877,14,739,4,47,3,11,70,Licenciatura en Sistemas,1,75.41-95.41
878,878,878,878,14,740,1,29,2,9,37,Ingeniería en Informática,1,75.40-95.40
879,879,879,879,14,741,0,4,0,2,5,Ingeniería en Informática,1,75.40-95.40
880,880,880,880,14,743,5,91,1,28,115,Ingeniería en Informática,1,75.40-95.40
881,881,881,881,14,744,0,6,0,1,7,Licenciatura en Sistemas,1,75.40-95.40
882,882,882,882,14,745,1,39,0,4,130,Ingeniería en Informática,1,75.40-95.40
883,883,883,883,14,746,7,50,1,23,65,Ingeniería en Informática,1,75.40-95.40
884,884,884,884,14,747,6,43,0,22,59,Ingeniería en Informática,1,75.40-95.40
885,885,885,885,14,747,6,43,0,22,59,Ingeniería en Informática,1,75.41-95.41
886,886,886,886,14,750,0,24,0,10,22,Ingeniería en Informática,1,75.40-95.40
887,887,887,887,14,751,2,32,0,12,43,Ingeniería en Informática,1,75.40-95.40
888,888,888,888,14,752,8,80,1,25,102,Ingeniería en Informática,1,75.40-95.40
889,889,889,889,14,752,8,80,1,25,102,Ingeniería en Informática,1,75.41-95.41
890,890,890,890,14,755,3,47,2,12,81,Licenciatura en Sistemas,1,75.40-95.40
891,891,891,891,14,756,8,64,6,22,84,Ingeniería en Informática,1,75.40-95.40
892,892,892,892,14,758,0,10,1,7,13,Ingeniería en Informática,1,75.40-95.40
893,893,893,893,14,765,0,13,0,7,15,Ingeniería en Informática,1,75.40-95.40
894,894,894,894,14,766,1,38,1,2,68,Licenciatura en Sistemas,1,75.40-95.40
895,895,895,895,14,769,0,7,0,1,14,Ingeniería en Informática,1,75.40-95.40
896,896,896,896,14,772,0,21,1,11,31,Licenciatura en Sistemas,1,75.40-95.40
897,897,897,897,14,773,0,12,0,11,18,Ingeniería en Informática,1,75.40-95.40
898,898,898,898,14,774,2,30,0,11,48,Licenciatura en Sistemas,1,75.40-95.40
899,899,899,899,14,780,6,36,2,10,51,Ingeniería en Informática,1,75.40-95.40
900,900,900,900,14,786,0,26,0,15,32,Licenciatura en Sistemas,1,75.40-95.40
901,901,901,901,14,786,0,26,0,15,32,Licenciatura en Sistemas,1,75.41-95.41
902,902,902,902,14,788,2,21,3,6,38,Ingeniería en Informática,1,75.40-95.40
903,903,903,903,14,795,0,1,0,4,2,Ingeniería en Informática,1,75.40-95.40
904,904,904,904,14,796,1,40,3,22,71,Ingeniería en Informática,1,75.40-95.40
905,905,905,905,14,799,2,6,0,3,10,Ingeniería en Informática,1,75.40-95.40
906,906,906,906,14,877,4,38,0,19,56,Ingeniería en Informática,1,75.40-95.40
907,907,907,907,14,945,0,16,0,4,27,Ingeniería en Informática,1,75.40-95.40
908,908,908,908,14,945,0,16,0,4,27,Ingeniería en Informática,1,75.41-95.41
909,909,909,909,14,957,0,7,0,2,12,Ingeniería en Informática,1,75.40-95.40
910,910,910,910,14,962,9,73,1,26,119,Licenciatura en Sistemas,1,75.40-95.40
911,911,911,911,14,962,9,73,1,26,119,Licenciatura en Sistemas,1,75.41-95.41
912,912,912,912,14,965,0,0,0,1,0,Ingeniería en Informática,1,75.40-95.40
913,913,913,913,14,970,6,36,1,8,58,Ingeniería en Informática,1,75.40-95.40
914,914,914,914,14,974,0,1,0,0,2,Licenciatura en Sistemas,1,75.40-95.40
915,915,915,915,14,975,0,3,0,1,4,Ingeniería en Informática,1,75.40-95.40
916,916,916,916,14,988,0,6,0,1,16,Ingeniería en Informática,2,75.40-95.40
917,917,917,917,14,1019,1,17,0,5,25,Ingeniería en Informática,1,75.40-95.40
918,918,918,918,14,1022,0,2,0,1,2,Licenciatura en Sistemas,1,75.40-95.40
919,919,919,919,14,1136,1,35,1,16,48,Ingeniería en Informática,1,75.40-95.40
920,920,920,920,14,1136,1,35,1,16,48,Ingeniería en Informática,1,75.41-95.41
921,921,921,921,14,1145,0,20,1,11,18,Ingeniería en Informática,1,75.40-95.40
922,922,922,922,14,1153,10,100,5,50,132,Ingeniería en Informática,1,75.40-95.40
923,923,923,923,14,1153,10,100,5,50,132,Ingeniería en Informática,1,75.41-95.41
924,924,924,924,14,1155,0,9,0,9,6,Ingeniería en Informática,1,75.40-95.40
925,925,925,925,14,1233,1,32,0,7,51,Licenciatura en Sistemas,1,75.40-95.40
926,926,926,926,14,1234,0,11,0,6,20,Ingeniería en Informática,1,75.40-95.40
927,927,927,927,14,1275,3,55,3,21,94,Licenciatura en Sistemas,1,75.40-95.40
928,928,928,928,14,1278,3,49,2,19,82,Ingeniería en Informática,1,75.40-95.40
929,929,929,929,14,1279,0,18,0,5,27,Ingeniería en Informática,1,75.40-95.40
930,930,930,930,14,1281,0,3,0,0,3,Ingeniería en Informática,1,75.40-95.40
931,931,931,931,14,1284,6,38,3,6,61,Ingeniería en Informática,1,75.40-95.40
932,932,932,932,14,1284,6,38,3,6,61,Ingeniería en Informática,1,75.40-95.40
933,933,933,933,14,1285,0,2,0,2,3,Ingeniería en Informática,1,75.40-95.40
934,934,934,934,14,1286,2,20,0,11,44,Licenciatura en Sistemas,1,75.40-95.40
935,935,935,935,15,70,6,14,0,5,11,Ingeniería en Informática,1,75.41
936,936,936,936,15,202,14,16,0,1,21,Ingeniería en Informática,1,75.41
937,937,937,937,15,202,14,16,0,1,21,Ingeniería en Informática,1,75.41
938,938,938,938,15,202,14,16,0,1,21,Ingeniería en Informática,1,75.41-95.41
939,939,939,939,15,235,2,2,0,0,3,Licenciatura en Sistemas,1,75.41
940,940,940,940,15,235,2,2,0,0,3,Licenciatura en Sistemas,1,75.41
941,941,941,941,15,254,6,6,1,1,7,Ingeniería en Informática,1,75.41
942,942,942,942,15,254,6,6,1,1,7,Ingeniería en Informática,1,75.40-95.40
943,943,943,943,15,258,19,13,3,0,17,Ingeniería en Informática,1,75.41
944,944,944,944,15,258,19,13,3,0,17,Ingeniería en Informática,1,75.40-95.40
945,945,945,945,15,261,18,22,2,4,37,Ingeniería en Informática,1,75.41
946,946,946,946,15,261,18,22,2,4,37,Ingeniería en Informática,1,75.40-95.40
947,947,947,947,15,262,29,44,5,4,48,Ingeniería en Informática,1,75.41
948,948,948,948,15,262,29,44,5,4,48,Ingeniería en Informática,1,75.40-95.40
949,949,949,949,15,263,2,2,0,0,1,Ingeniería en Informática,1,75.41
950,950,950,950,15,263,2,2,0,0,1,Ingeniería en Informática,1,75.40-95.40
951,951,951,951,15,264,23,11,2,0,23,Ingeniería en Informática,1,75.41
952,952,952,952,15,264,23,11,2,0,23,Ingeniería en Informática,1,75.40-95.40
953,953,953,953,15,266,19,21,1,3,31,Ingeniería en Informática,1,75.41
954,954,954,954,15,266,19,21,1,3,31,Ingeniería en Informática,1,75.40-95.40
955,955,955,955,15,270,24,23,3,1,35,Licenciatura en Sistemas,1,75.41
956,956,956,956,15,270,24,23,3,1,35,Licenciatura en Sistemas,1,75.40-95.40
957,957,957,957,15,272,7,6,2,0,10,Ingeniería en Informática,1,75.41
958,958,958,958,15,272,7,6,2,0,10,Ingeniería en Informática,1,75.40-95.40
959,959,959,959,15,275,8,7,0,0,4,Ingeniería en Informática,1,75.41
960,960,960,960,15,275,8,7,0,0,4,Ingeniería en Informática,1,75.40-95.40
961,961,961,961,15,276,7,10,4,3,17,Licenciatura en Sistemas,1,75.41
962,962,962,962,15,276,7,10,4,3,17,Licenciatura en Sistemas,1,75.40-95.40
963,963,963,963,15,285,27,33,3,5,45,Ingeniería en Informática,1,75.41
964,964,964,964,15,285,27,33,3,5,45,Ingeniería en Informática,1,75.40-95.40
965,965,965,965,15,289,0,3,0,0,2,Ingeniería en Informática,1,75.41
966,966,966,966,15,289,0,3,0,0,2,Ingeniería en Informática,1,75.40-95.40
967,967,967,967,15,296,22,12,4,0,28,Ingeniería en Informática,1,75.41
968,968,968,968,15,296,22,12,4,0,28,Ingeniería en Informática,1,75.40
969,969,969,969,15,298,1,1,0,0,0,Ingeniería en Informática,1,75.41
970,970,970,970,15,298,1,1,0,0,0,Ingeniería en Informática,1,75.40
971,971,971,971,15,347,14,10,3,0,13,Ingeniería en Informática,1,75.41
972,972,972,972,15,347,14,10,3,0,13,Ingeniería en Informática,1,75.40
973,973,973,973,15,359,3,4,0,0,6,Licenciatura en Sistemas,1,75.41
974,974,974,974,15,359,3,4,0,0,6,Licenciatura en Sistemas,1,75.40
975,975,975,975,15,369,21,22,4,1,29,Ingeniería en Informática,1,75.41
976,976,976,976,15,369,21,22,4,1,29,Ingeniería en Informática,1,75.40-95.40
977,977,977,977,15,377,23,23,7,5,34,Ingeniería en Informática,1,75.41
978,978,978,978,15,377,23,23,7,5,34,Ingeniería en Informática,1,75.40-95.40
979,979,979,979,15,381,3,2,1,0,4,Ingeniería en Informática,1,75.41
980,980,980,980,15,381,3,2,1,0,4,Ingeniería en Informática,1,75.40-95.40
981,981,981,981,15,393,2,1,0,0,4,Ingeniería en Informática,1,75.41
982,982,982,982,15,393,2,1,0,0,4,Ingeniería en Informática,1,75.41
983,983,983,983,15,411,7,7,0,0,13,Ingeniería en Informática,1,75.41
984,984,984,984,15,411,7,7,0,0,13,Ingeniería en Informática,1,75.41
985,985,985,985,15,418,17,18,2,3,33,Licenciatura en Sistemas,1,75.41
986,986,986,986,15,418,17,18,2,3,33,Licenciatura en Sistemas,1,75.40-95.40
987,987,987,987,15,420,15,19,6,3,35,Ingeniería en Informática,1,75.41
988,988,988,988,15,420,15,19,6,3,35,Ingeniería en Informática,1,75.40-95.40
989,989,989,989,15,434,12,10,0,0,15,Ingeniería en Informática,1,75.41
990,990,990,990,15,434,12,10,0,0,15,Ingeniería en Informática,1,75.40-95.40
991,991,991,991,15,453,4,2,0,0,4,Ingeniería en Informática,1,75.41
992,992,992,992,15,453,4,2,0,0,4,Ingeniería en Informática,1,75.40-95.40
993,993,993,993,15,473,2,1,0,0,0,Ingeniería en Informática,1,75.41
994,994,994,994,15,473,2,1,0,0,0,Ingeniería en Informática,1,75.40-95.40
995,995,995,995,15,491,0,0,0,0,1,Ingeniería en Informática,1,75.41
996,996,996,996,15,491,0,0,0,0,1,Ingeniería en Informática,1,75.40-95.40
997,997,997,997,15,494,4,5,0,0,3,Licenciatura en Sistemas,1,75.41
998,998,998,998,15,514,17,16,2,1,16,Ingeniería en Informática,1,75.41
999,999,999,999,15,514,17,16,2,1,16,Ingeniería en Informática,1,75.40
1000,1000,1000,1000,15,531,19,14,2,2,26,Ingeniería en Informática,1,75.41
1001,1001,1001,1001,15,531,19,14,2,2,26,Ingeniería en Informática,1,75.41
1002,1002,1002,1002,15,547,29,27,5,8,32,Ingeniería en Informática,1,75.06
1003,1003,1003,1003,15,547,29,27,5,8,32,Ingeniería en Informática,1,75.41
1004,1004,1004,1004,15,547,29,27,5,8,32,Ingeniería en Informática,1,75.40-95.40
1005,1005,1005,1005,15,578,11,10,0,0,15,Ingeniería en Informática,1,75.41
1006,1006,1006,1006,15,578,11,10,0,0,15,Ingeniería en Informática,1,75.40-95.40
1007,1007,1007,1007,15,578,11,10,0,0,15,Ingeniería en Informática,1,75.41
1008,1008,1008,1008,15,582,10,7,1,0,12,Ingeniería en Informática,1,75.41
1009,1009,1009,1009,15,586,1,3,0,0,3,Ingeniería en Informática,1,75.41
1010,1010,1010,1010,15,586,1,3,0,0,3,Ingeniería en Informática,1,75.41
1011,1011,1011,1011,15,608,26,30,5,4,42,Licenciatura en Sistemas,1,75.41
1012,1012,1012,1012,15,608,26,30,5,4,42,Licenciatura en Sistemas,1,75.40-95.40
1013,1013,1013,1013,15,626,12,6,4,1,6,Ingeniería en Informática,1,75.41
1014,1014,1014,1014,15,628,24,24,1,4,47,Ingeniería en Informática,1,75.41
1015,1015,1015,1015,15,632,0,3,0,1,3,Ingeniería en Informática,1,75.41
1016,1016,1016,1016,15,633,28,29,1,6,42,Ingeniería en Informática,1,75.41
1017,1017,1017,1017,15,634,0,0,0,1,0,Ingeniería en Informática,1,75.41
1018,1018,1018,1018,15,637,1,3,0,0,3,Ingeniería en Informática,1,75.41
1019,1019,1019,1019,15,638,6,11,3,1,14,Ingeniería en Informática,1,75.41
1020,1020,1020,1020,15,639,14,12,0,0,26,Ingeniería en Informática,1,75.41
1021,1021,1021,1021,15,667,10,15,2,0,18,Ingeniería Electrónica,1,75.41
1022,1022,1022,1022,15,683,2,5,1,0,5,Ingeniería en Informática,1,75.41
1023,1023,1023,1023,15,721,14,9,0,0,17,Ingeniería Electrónica,1,75.41
1024,1024,1024,1024,15,807,24,33,4,2,38,Ingeniería Electrónica,1,75.41
1025,1025,1025,1025,15,936,32,29,4,6,43,Licenciatura en Sistemas,1,75.41
1026,1026,1026,1026,15,1218,3,3,0,0,4,Ingeniería en Informática,1,75.41
1027,1027,1027,1027,15,1232,0,0,0,0,1,Ingeniería en Informática,1,75.41
1028,1028,1028,1028,16,259,0,28,1,19,34,Ingeniería en Informática,1,75.40-95.40
1029,1029,1029,1029,16,259,0,28,1,19,34,Ingeniería en Informática,1,75.40-95.40
1030,1030,1030,1030,16,433,0,4,0,1,34,Ingeniería en Informática,1,75.40-95.40
1031,1031,1031,1031,16,455,0,21,0,16,29,Ingeniería en Informática,1,75.40-95.40
1032,1032,1032,1032,16,455,0,21,0,16,29,Ingeniería en Informática,1,75.40-95.40
1033,1033,1033,1033,16,456,0,5,0,1,30,Ingeniería en Informática,1,75.40-95.40
1034,1034,1034,1034,16,456,0,5,0,1,30,Ingeniería en Informática,1,75.40-95.40
1035,1035,1035,1035,16,475,0,9,0,3,27,Ingeniería en Informática,1,75.40-95.40
1036,1036,1036,1036,16,475,0,9,0,3,27,Ingeniería en Informática,1,75.40-95.40
1037,1037,1037,1037,16,498,0,18,0,8,34,Licenciatura en Sistemas,2,75.40-95.40
1038,1038,1038,1038,16,498,0,18,0,8,34,Licenciatura en Sistemas,1,75.40-95.40
1039,1039,1039,1039,16,507,0,19,0,10,34,Ingeniería en Informática,1,75.40-95.40
1040,1040,1040,1040,16,507,0,19,0,10,34,Ingeniería en Informática,1,75.40-95.40
1041,1041,1041,1041,16,518,0,3,0,1,34,Ingeniería en Informática,1,75.40-95.40
1042,1042,1042,1042,16,518,0,3,0,1,34,Ingeniería en Informática,1,75.40-95.40
1043,1043,1043,1043,16,519,0,8,0,4,31,Ingeniería en Informática,1,75.40-95.40
1044,1044,1044,1044,16,519,0,8,0,4,31,Ingeniería en Informática,1,75.40-95.40
1045,1045,1045,1045,16,519,0,8,0,4,31,Ingeniería en Informática,1,75.41
1046,1046,1046,1046,16,522,0,12,0,4,27,Licenciatura en Sistemas,1,75.40-95.40
1047,1047,1047,1047,16,522,0,12,0,4,27,Licenciatura en Sistemas,1,75.40-95.40
1048,1048,1048,1048,16,526,0,8,0,5,22,Ingeniería en Informática,1,75.40-95.40
1049,1049,1049,1049,16,526,0,8,0,5,22,Ingeniería en Informática,1,75.40-95.40
1050,1050,1050,1050,16,535,0,15,0,8,24,Ingeniería en Informática,1,75.40-95.40
1051,1051,1051,1051,16,535,0,15,0,8,24,Ingeniería en Informática,1,75.40-95.40
1052,1052,1052,1052,16,535,0,15,0,8,24,Ingeniería en Informática,1,75.41
1053,1053,1053,1053,16,565,0,21,1,9,34,Ingeniería en Informática,1,75.40-95.40
1054,1054,1054,1054,16,565,0,21,1,9,34,Ingeniería en Informática,1,75.40-95.40
1055,1055,1055,1055,16,587,0,23,1,8,32,Licenciatura en Sistemas,1,75.40-95.40
1056,1056,1056,1056,16,587,0,23,1,8,32,Licenciatura en Sistemas,1,75.40-95.40
1057,1057,1057,1057,16,593,0,20,1,7,34,Ingeniería en Informática,1,75.40-95.40
1058,1058,1058,1058,16,593,0,20,1,7,34,Ingeniería en Informática,1,75.40-95.40
1059,1059,1059,1059,16,598,0,1,0,0,2,Ingeniería en Informática,1,75.01-95.01
1060,1060,1060,1060,16,598,0,1,0,0,2,Ingeniería en Informática,1,75.40-95.40
1061,1061,1061,1061,16,662,0,15,0,1,34,Licenciatura en Sistemas,1,75.40-95.40
1062,1062,1062,1062,16,749,0,10,0,3,34,Ingeniería en Informática,1,75.40-95.40
1063,1063,1063,1063,16,757,0,14,1,3,24,Ingeniería en Informática,1,75.40-95.40
1064,1064,1064,1064,16,792,0,6,0,2,16,Ingeniería en Informática,1,75.40-95.40
1065,1065,1065,1065,16,793,0,0,0,0,4,Ingeniería en Informática,1,75.01-95.01
1066,1066,1066,1066,16,793,0,0,0,0,4,Ingeniería en Informática,1,75.40-95.40
1067,1067,1067,1067,16,927,0,9,0,2,31,Licenciatura en Sistemas,1,75.40-95.40
1068,1068,1068,1068,16,930,0,17,1,9,20,Ingeniería en Informática,1,75.40-95.40
1069,1069,1069,1069,16,930,0,17,1,9,20,Ingeniería en Informática,1,75.40-95.40
1070,1070,1070,1070,16,944,0,27,1,17,34,Licenciatura en Sistemas,1,75.40-95.40
1071,1071,1071,1071,16,944,0,27,1,17,34,Licenciatura en Sistemas,1,75.01-95.01
1072,1072,1072,1072,16,948,0,23,0,6,34,Ingeniería en Informática,1,75.40-95.40
1073,1073,1073,1073,16,971,0,10,1,5,23,Ingeniería en Informática,1,75.40-95.40
1074,1074,1074,1074,16,978,0,15,1,4,34,Ingeniería en Informática,1,75.40-95.40
1075,1075,1075,1075,16,979,0,4,0,1,31,Ingeniería en Informática,1,75.40-95.40
1076,1076,1076,1076,16,986,0,11,0,7,17,Ingeniería en Informática,1,75.40-95.40
1077,1077,1077,1077,16,986,0,11,0,7,17,Ingeniería en Informática,1,75.01-95.01
1078,1078,1078,1078,16,986,0,11,0,7,17,Ingeniería en Informática,1,75.40-95.40
1079,1079,1079,1079,16,988,0,20,0,5,34,Ingeniería en Informática,2,75.40-95.40
1080,1080,1080,1080,16,989,0,6,0,1,28,Licenciatura en Sistemas,1,75.40-95.40
1081,1081,1081,1081,16,992,0,18,0,7,34,Ingeniería en Informática,1,75.40-95.40
1082,1082,1082,1082,16,992,0,18,0,7,34,Ingeniería en Informática,1,75.41
1083,1083,1083,1083,16,994,0,14,1,1,34,Ingeniería en Informática,1,75.40-95.40
1084,1084,1084,1084,16,995,0,11,1,10,17,Ingeniería en Informática,1,75.40-95.40
1085,1085,1085,1085,16,997,0,17,0,7,34,Ingeniería en Informática,1,75.40-95.40
1086,1086,1086,1086,16,999,0,1,0,1,7,Ingeniería en Informática,1,75.40-95.40
1087,1087,1087,1087,16,999,0,1,0,1,7,Ingeniería en Informática,1,75.41
1088,1088,1088,1088,16,1000,0,19,0,7,34,Licenciatura en Sistemas,1,75.40-95.40
1089,1089,1089,1089,16,1001,0,9,0,1,34,Ingeniería en Informática,1,75.40-95.40
1090,1090,1090,1090,16,1001,0,9,0,1,34,Ingeniería en Informática,1,75.41
1091,1091,1091,1091,16,1002,0,10,0,3,16,Ingeniería en Informática,1,75.40-95.40
1092,1092,1092,1092,16,1002,0,10,0,3,16,Ingeniería en Informática,1,75.01-95.01
1093,1093,1093,1093,16,1003,0,8,0,11,14,Ingeniería en Informática,1,75.40-95.40
1094,1094,1094,1094,16,1003,0,8,0,11,14,Ingeniería en Informática,1,75.01-95.01
1095,1095,1095,1095,16,1004,0,19,0,11,34,Ingeniería en Informática,1,75.40-95.40
1096,1096,1096,1096,16,1004,0,19,0,11,34,Ingeniería en Informática,1,75.41
1097,1097,1097,1097,16,1005,0,8,0,2,15,Ingeniería en Informática,1,75.40-95.40
1098,1098,1098,1098,16,1006,0,20,2,15,28,Ingeniería en Informática,1,75.40-95.40
1099,1099,1099,1099,16,1007,0,12,2,11,22,Ingeniería en Informática,1,75.40-95.40
1100,1100,1100,1100,16,1008,0,8,0,4,25,Ingeniería en Informática,1,75.40-95.40
1101,1101,1101,1101,16,1008,0,8,0,4,25,Ingeniería en Informática,1,75.41
1102,1102,1102,1102,16,1009,1,7,0,7,34,Ingeniería en Informática,1,75.40-95.40
1103,1103,1103,1103,16,1009,1,7,0,7,34,Ingeniería en Informática,1,75.01-95.01
1104,1104,1104,1104,16,1010,0,18,2,8,34,Ingeniería en Informática,1,75.40-95.40
1105,1105,1105,1105,16,1011,0,3,0,1,6,Ingeniería en Informática,1,75.40-95.40
1106,1106,1106,1106,16,1012,0,22,0,8,34,Ingeniería en Informática,1,75.40-95.40
1107,1107,1107,1107,16,1013,0,10,1,8,21,Ingeniería en Informática,1,75.40-95.40
1108,1108,1108,1108,16,1013,0,10,1,8,21,Ingeniería en Informática,1,75.01-95.01
1109,1109,1109,1109,16,1014,0,6,0,2,9,Ingeniería en Informática,1,75.40-95.40
1110,1110,1110,1110,16,1016,0,12,0,9,27,Ingeniería en Informática,1,75.40-95.40
1111,1111,1111,1111,16,1020,0,8,0,5,24,Ingeniería en Informática,1,75.40-95.40
1112,1112,1112,1112,16,1021,0,16,1,6,34,Licenciatura en Sistemas,1,75.40-95.40
1113,1113,1113,1113,16,1021,0,16,1,6,34,Licenciatura en Sistemas,1,75.01-95.01
1114,1114,1114,1114,16,1023,0,19,1,9,33,Licenciatura en Sistemas,1,75.40-95.40
1115,1115,1115,1115,16,1024,0,5,0,1,33,Licenciatura en Sistemas,1,75.40-95.40
1116,1116,1116,1116,16,1025,0,3,0,4,6,Ingeniería en Informática,1,75.40-95.40
1117,1117,1117,1117,16,1025,0,3,0,4,6,Ingeniería en Informática,1,75.40-95.40
1118,1118,1118,1118,16,1028,0,15,1,7,27,Ingeniería en Informática,1,75.40-95.40
1119,1119,1119,1119,16,1029,0,25,8,20,25,Licenciatura en Sistemas,1,75.40-95.40
1120,1120,1120,1120,16,1029,0,25,8,20,25,Licenciatura en Sistemas,1,75.40-95.40
1121,1121,1121,1121,16,1032,0,5,0,2,15,Ingeniería en Informática,1,75.40-95.40
1122,1122,1122,1122,16,1035,0,3,0,0,34,Ingeniería en Informática,1,75.40-95.40
1123,1123,1123,1123,16,1037,0,10,0,5,17,Ingeniería en Informática,1,75.40-95.40
1124,1124,1124,1124,16,1037,0,10,0,5,17,Ingeniería en Informática,1,75.01-95.01
1125,1125,1125,1125,16,1038,0,23,1,15,34,Ingeniería Civil,1,75.40-95.40
1126,1126,1126,1126,16,1040,0,6,1,4,26,Ingeniería en Informática,1,75.40-95.40
1127,1127,1127,1127,16,1041,0,12,0,6,29,Ingeniería en Informática,1,75.40-95.40
1128,1128,1128,1128,16,1042,0,4,0,0,20,Ingeniería en Informática,1,75.40-95.40
1129,1129,1129,1129,16,1042,0,4,0,0,20,Ingeniería en Informática,1,75.40-95.40
1130,1130,1130,1130,16,1044,0,21,1,8,34,Ingeniería en Informática,1,75.40-95.40
1131,1131,1131,1131,16,1044,0,21,1,8,34,Ingeniería en Informática,1,75.41
1132,1132,1132,1132,16,1045,0,3,0,3,5,Licenciatura en Sistemas,1,75.40-95.40
1133,1133,1133,1133,16,1045,0,3,0,3,5,Licenciatura en Sistemas,1,75.01-95.01
1134,1134,1134,1134,16,1046,0,12,0,6,33,Ingeniería en Informática,1,75.40-95.40
1135,1135,1135,1135,16,1047,0,24,2,21,29,Ingeniería en Informática,1,75.40-95.40
1136,1136,1136,1136,16,1049,0,6,1,4,12,Ingeniería en Informática,1,75.40-95.40
1137,1137,1137,1137,16,1050,0,26,0,14,31,Ingeniería en Informática,1,75.40-95.40
1138,1138,1138,1138,16,1050,0,26,0,14,31,Ingeniería en Informática,1,75.40-95.40
1139,1139,1139,1139,16,1051,0,7,1,3,11,Ingeniería en Informática,1,75.40-95.40
1140,1140,1140,1140,16,1052,0,18,0,5,32,Ingeniería en Informática,1,75.40-95.40
1141,1141,1141,1141,16,1053,0,0,0,1,3,Ingeniería en Informática,1,75.40-95.40
1142,1142,1142,1142,16,1053,0,0,0,1,3,Ingeniería en Informática,1,75.41
1143,1143,1143,1143,16,1054,0,2,0,1,2,Ingeniería en Informática,1,75.40-95.40
1144,1144,1144,1144,16,1055,0,20,0,9,34,Ingeniería en Informática,1,75.40-95.40
1145,1145,1145,1145,16,1056,0,12,0,2,23,Licenciatura en Sistemas,1,75.40-95.40
1146,1146,1146,1146,16,1057,0,9,0,5,13,Ingeniería en Informática,1,75.40-95.40
1147,1147,1147,1147,16,1058,0,28,0,24,34,Ingeniería en Informática,1,75.40-95.40
1148,1148,1148,1148,16,1059,0,12,0,10,19,Ingeniería en Informática,1,75.40-95.40
1149,1149,1149,1149,16,1059,0,12,0,10,19,Ingeniería en Informática,1,75.40-95.40
1150,1150,1150,1150,16,1060,0,28,0,19,34,Ingeniería en Informática,1,75.40-95.40
1151,1151,1151,1151,16,1060,0,28,0,19,34,Ingeniería en Informática,1,75.01-95.01
1152,1152,1152,1152,16,1061,0,3,0,2,4,Ingeniería en Informática,1,75.40-95.40
1153,1153,1153,1153,16,1063,0,14,0,10,22,Ingeniería en Informática,1,75.40-95.40
1154,1154,1154,1154,16,1064,0,21,1,8,34,Ingeniería en Informática,1,75.40-95.40
1155,1155,1155,1155,16,1065,0,11,0,1,27,Ingeniería en Informática,1,75.40-95.40
1156,1156,1156,1156,16,1067,0,7,0,1,34,Ingeniería en Informática,1,75.40-95.40
1157,1157,1157,1157,16,1067,0,7,0,1,34,Ingeniería en Informática,1,75.41
1158,1158,1158,1158,16,1068,0,3,0,5,5,Ingeniería en Informática,1,75.40-95.40
1159,1159,1159,1159,16,1069,0,9,0,4,27,Ingeniería en Informática,1,75.40-95.40
1160,1160,1160,1160,16,1069,0,9,0,4,27,Ingeniería en Informática,1,75.41
1161,1161,1161,1161,16,1070,0,9,0,4,23,Ingeniería en Informática,1,75.40-95.40
1162,1162,1162,1162,16,1071,0,8,0,5,22,Ingeniería en Informática,1,75.40-95.40
1163,1163,1163,1163,16,1071,0,8,0,5,22,Ingeniería en Informática,1,75.41
1164,1164,1164,1164,16,1072,0,4,0,3,6,Ingeniería en Informática,1,75.40-95.40
1165,1165,1165,1165,16,1074,0,15,0,6,34,Ingeniería en Informática,1,75.40-95.40
1166,1166,1166,1166,16,1075,0,15,1,12,32,Ingeniería en Informática,1,75.40-95.40
1167,1167,1167,1167,16,1076,0,13,0,10,27,Ingeniería en Informática,1,75.40-95.40
1168,1168,1168,1168,16,1077,0,8,0,2,11,Ingeniería en Informática,1,75.40-95.40
1169,1169,1169,1169,16,1077,0,8,0,2,11,Ingeniería en Informática,1,75.41
1170,1170,1170,1170,16,1078,0,6,0,3,11,Ingeniería en Informática,1,75.40-95.40
1171,1171,1171,1171,16,1079,0,7,1,5,8,Ingeniería en Informática,1,75.40-95.40
1172,1172,1172,1172,16,1081,0,18,0,8,34,Licenciatura en Sistemas,1,75.40-95.40
1173,1173,1173,1173,16,1082,0,13,0,5,22,Ingeniería en Informática,1,75.40-95.40
1174,1174,1174,1174,16,1082,0,13,0,5,22,Ingeniería en Informática,1,75.41
1175,1175,1175,1175,16,1083,0,19,2,10,31,Licenciatura en Sistemas,1,75.40-95.40
1176,1176,1176,1176,16,1083,0,19,2,10,31,Licenciatura en Sistemas,1,75.41
1177,1177,1177,1177,16,1085,0,11,0,7,14,Ingeniería en Informática,1,75.40-95.40
1178,1178,1178,1178,16,1086,0,10,0,6,20,Ingeniería en Informática,1,75.40-95.40
1179,1179,1179,1179,16,1087,0,11,0,6,34,Licenciatura en Sistemas,1,75.40-95.40
1180,1180,1180,1180,16,1087,0,11,0,6,34,Licenciatura en Sistemas,1,75.01-95.01
1181,1181,1181,1181,16,1088,0,15,1,6,28,Licenciatura en Sistemas,1,75.40-95.40
1182,1182,1182,1182,16,1089,0,6,0,4,8,Licenciatura en Sistemas,1,75.40-95.40
1183,1183,1183,1183,16,1090,0,4,0,2,5,Licenciatura en Sistemas,1,75.40-95.40
1184,1184,1184,1184,16,1091,0,11,1,7,28,Ingeniería en Informática,1,75.40-95.40
1185,1185,1185,1185,16,1092,0,7,0,1,34,Ingeniería en Informática,1,75.40-95.40
1186,1186,1186,1186,16,1093,0,6,0,3,15,Ingeniería en Informática,1,75.40-95.40
1187,1187,1187,1187,16,1094,0,14,0,7,24,Ingeniería en Informática,1,75.40-95.40
1188,1188,1188,1188,16,1094,0,14,0,7,24,Ingeniería en Informática,1,75.40-95.40
1189,1189,1189,1189,16,1095,0,3,0,0,12,Ingeniería en Informática,1,75.40-95.40
1190,1190,1190,1190,16,1097,0,19,2,12,34,Ingeniería en Informática,1,75.40-95.40
1191,1191,1191,1191,16,1099,0,10,0,4,12,Ingeniería en Informática,1,75.40-95.40
1192,1192,1192,1192,16,1100,0,12,0,8,15,Ingeniería en Informática,1,75.40-95.40
1193,1193,1193,1193,16,1101,0,9,0,5,34,Ingeniería en Informática,1,75.40-95.40
1194,1194,1194,1194,16,1103,0,8,0,5,34,Ingeniería en Informática,1,75.40-95.40
1195,1195,1195,1195,16,1105,1,10,0,7,27,Ingeniería en Informática,1,75.40-95.40
1196,1196,1196,1196,16,1106,0,9,0,4,34,Ingeniería en Informática,1,75.40-95.40
1197,1197,1197,1197,16,1106,0,9,0,4,34,Ingeniería en Informática,1,75.01-95.01
1198,1198,1198,1198,16,1115,0,9,0,1,23,Ingeniería en Informática,1,75.40-95.40
1199,1199,1199,1199,16,1115,0,9,0,1,23,Ingeniería en Informática,1,75.40-95.40
1200,1200,1200,1200,16,1123,0,15,0,11,34,Ingeniería en Informática,1,75.40-95.40
1201,1201,1201,1201,16,1124,0,7,0,5,7,Ingeniería en Informática,1,75.40-95.40
1202,1202,1202,1202,16,1126,0,12,0,7,32,Licenciatura en Sistemas,1,75.40-95.40
1203,1203,1203,1203,16,1138,0,16,2,18,34,Ingeniería en Informática,1,75.40-95.40
1204,1204,1204,1204,16,1140,0,3,0,2,34,Ingeniería en Informática,1,75.40-95.40
1205,1205,1205,1205,16,1142,0,2,0,1,21,Ingeniería en Informática,1,75.40-95.40
1206,1206,1206,1206,16,1147,0,7,0,3,23,Ingeniería en Informática,1,75.40-95.40
1207,1207,1207,1207,16,1152,0,9,0,2,12,Ingeniería en Informática,1,75.40-95.40
1208,1208,1208,1208,16,1229,0,12,0,6,34,Ingeniería en Informática,1,75.40-95.40
1209,1209,1209,1209,16,1236,0,14,0,6,27,Licenciatura en Sistemas,1,75.40-95.40
1210,1210,1210,1210,16,1242,0,6,0,0,7,Ingeniería en Informática,1,75.40-95.40
1211,1211,1211,1211,18,714,0,1,0,1,2,Licenciatura en Sistemas,1,LABI
1212,1212,1212,1212,19,103,0,2,0,0,2,Ingeniería en Informática,1,75.06
1213,1213,1213,1213,19,103,0,2,0,0,2,Ingeniería en Informática,1,75.40-95.40
1214,1214,1214,1214,19,103,0,2,0,0,2,Ingeniería en Informática,1,75.41
1215,1215,1215,1215,19,103,0,2,0,0,2,Ingeniería en Informática,1,75.01-95.01
1216,1216,1216,1216,19,660,0,0,0,0,1,Licenciatura en Sistemas,1,75.40-95.40
1217,1217,1217,1217,19,660,0,0,0,0,1,Licenciatura en Sistemas,1,75.01-95.01
1218,1218,1218,1218,19,810,0,1,0,0,2,Ingeniería en Informática,1,75.40
1219,1219,1219,1219,19,810,0,1,0,0,2,Ingeniería en Informática,1,75.01-95.01
1220,1220,1220,1220,19,810,0,1,0,0,2,Ingeniería en Informática,1,75.41
1221,1221,1221,1221,19,876,0,2,0,0,2,Ingeniería en Informática,1,75.01-95.01
1222,1222,1222,1222,19,876,0,2,0,0,2,Ingeniería en Informática,1,75.01-95.01
1223,1223,1223,1223,19,932,0,5,0,4,7,Ingeniería Industrial,1,75.01-95.01
1224,1224,1224,1224,19,932,0,5,0,4,7,Ingeniería Industrial,1,75.01-95.01
1225,1225,1225,1225,19,939,0,1,0,0,2,Ingeniería en Informática,1,75.40
1226,1226,1226,1226,19,939,0,1,0,0,2,Ingeniería en Informática,1,75.01-95.01
1227,1227,1227,1227,19,944,0,16,1,8,23,Licenciatura en Sistemas,1,75.40-95.40
1228,1228,1228,1228,19,944,0,16,1,8,23,Licenciatura en Sistemas,1,75.01-95.01
1229,1229,1229,1229,19,986,0,6,0,2,9,Ingeniería en Informática,1,75.40-95.40
1230,1230,1230,1230,19,986,0,6,0,2,9,Ingeniería en Informática,1,75.01-95.01
1231,1231,1231,1231,19,986,0,6,0,2,9,Ingeniería en Informática,1,75.40-95.40
1232,1232,1232,1232,19,1002,0,1,0,1,3,Ingeniería en Informática,1,75.40-95.40
1233,1233,1233,1233,19,1002,0,1,0,1,3,Ingeniería en Informática,1,75.01-95.01
1234,1234,1234,1234,19,1003,0,1,0,2,3,Ingeniería en Informática,1,75.40-95.40
1235,1235,1235,1235,19,1003,0,1,0,2,3,Ingeniería en Informática,1,75.01-95.01
1236,1236,1236,1236,19,1009,0,0,0,0,2,Ingeniería en Informática,1,75.40-95.40
1237,1237,1237,1237,19,1009,0,0,0,0,2,Ingeniería en Informática,1,75.01-95.01
1238,1238,1238,1238,19,1013,0,1,0,1,2,Ingeniería en Informática,1,75.40-95.40
1239,1239,1239,1239,19,1013,0,1,0,1,2,Ingeniería en Informática,1,75.01-95.01
1240,1240,1240,1240,19,1021,0,24,0,8,32,Licenciatura en Sistemas,1,75.40-95.40
1241,1241,1241,1241,19,1021,0,24,0,8,32,Licenciatura en Sistemas,1,75.01-95.01
1242,1242,1242,1242,19,1037,0,4,0,2,4,Ingeniería en Informática,1,75.40-95.40
1243,1243,1243,1243,19,1037,0,4,0,2,4,Ingeniería en Informática,1,75.01-95.01
1244,1244,1244,1244,19,1060,0,1,0,0,1,Ingeniería en Informática,1,75.40-95.40
1245,1245,1245,1245,19,1060,0,1,0,0,1,Ingeniería en Informática,1,75.01-95.01
1246,1246,1246,1246,19,1087,0,2,0,0,2,Licenciatura en Sistemas,1,75.40-95.40
1247,1247,1247,1247,19,1087,0,2,0,0,2,Licenciatura en Sistemas,1,75.01-95.01
1248,1248,1248,1248,19,1106,0,13,0,5,24,Ingeniería en Informática,1,75.40-95.40
1249,1249,1249,1249,19,1106,0,13,0,5,24,Ingeniería en Informática,1,75.01-95.01
1250,1250,1250,1250,19,1148,0,0,0,0,2,Ingeniería en Informática,1,75.01-95.01
1251,1251,1251,1251,19,1246,0,2,0,1,4,Ingeniería Electrónica,1,75.01-95.01
1252,1252,1252,1252,19,1247,0,0,0,1,0,Ingeniería Química,1,75.01-95.01
1253,1253,1253,1253,19,1248,0,1,0,1,3,Ingeniería Electrónica,1,75.01-95.01
1254,1254,1254,1254,19,1250,0,2,0,2,2,Ingeniería Mecánica,1,75.01-95.01
1255,1255,1255,1255,19,1251,0,1,0,2,3,Ingeniería Mecánica,1,75.01-95.01
1256,1256,1256,1256,19,1252,0,3,0,1,2,Ingeniería Industrial,1,75.01-95.01
1257,1257,1257,1257,19,1252,0,3,0,1,2,Ingeniería Industrial,1,75.01-95.01
1258,1258,1258,1258,19,1253,0,7,0,11,10,Ingeniería Industrial,1,75.01-95.01
1259,1259,1259,1259,19,1254,0,1,0,0,1,Ingeniería Industrial,1,75.01-95.01
1260,1260,1260,1260,19,1255,0,8,0,8,12,Ingeniería Industrial,1,75.01-95.01
1261,1261,1261,1261,19,1256,0,1,0,1,1,Ingeniería Naval y Mecánica,1,75.01-95.01
1262,1262,1262,1262,19,1257,0,1,0,2,1,Ingeniería Química,1,75.01-95.01
1263,1263,1263,1263,19,1258,0,1,0,1,1,Ingeniería en Petróleo,1,75.01-95.01
1264,1264,1264,1264,19,1258,0,1,0,1,1,Ingeniería en Petróleo,1,75.01-95.01
1265,1265,1265,1265,19,1259,0,1,0,1,1,Ingeniería Industrial,1,75.01-95.01
1266,1266,1266,1266,19,1262,0,2,0,1,0,Ingeniería Industrial,1,75.01-95.01
1267,1267,1267,1267,19,1265,0,2,0,1,4,Ingeniería Industrial,1,75.01-95.01
1268,1268,1268,1268,19,1266,0,2,0,2,3,Ingeniería Industrial,1,75.01-95.01
1269,1269,1269,1269,19,1268,0,2,0,1,4,Ingeniería Industrial,1,75.01-95.01
1270,1270,1270,1270,30,1117,0,0,0,0,1,Ingeniería Química,1,75.01-95.01
1271,1271,1271,1271,30,1117,0,0,0,0,1,Ingeniería Química,1,75.01-95.01
1272,1272,1272,1272,32,793,0,2,0,1,4,Ingeniería en Informática,1,75.01-95.01
1273,1273,1273,1273,32,793,0,2,0,1,4,Ingeniería en Informática,1,75.40-95.40
1274,1274,1274,1274,32,797,0,0,0,0,1,Ingeniería en Informática,1,75.01-95.01
1275,1275,1275,1275,32,876,0,2,0,0,4,Ingeniería en Informática,1,75.01-95.01
1276,1276,1276,1276,32,876,0,2,0,0,4,Ingeniería en Informática,1,75.01-95.01
1277,1277,1277,1277,32,883,0,0,0,1,0,Ingeniería Mecánica,1,75.01-95.01
1278,1278,1278,1278,32,884,0,4,0,5,6,Ingeniería Industrial,1,75.01-95.01
1279,1279,1279,1279,32,885,0,6,0,5,6,Ingeniería Química,1,75.01-95.01
1280,1280,1280,1280,32,890,0,74,5,33,92,Ingeniería Electricista,1,75.01-95.01
1281,1281,1281,1281,32,892,0,2,0,2,1,Ingeniería Química,1,75.01-95.01
1282,1282,1282,1282,32,894,0,9,0,14,13,Ingeniería Industrial,1,75.01-95.01
1283,1283,1283,1283,32,897,0,74,9,56,59,Ingeniería Mecánica,1,75.01-95.01
1284,1284,1284,1284,32,898,0,24,1,16,32,Ingeniería Química,1,75.01-95.01
1285,1285,1285,1285,32,925,0,5,0,4,1,Ingeniería Industrial,1,75.01-95.01
1286,1286,1286,1286,32,931,0,0,0,1,0,Ingeniería en Informática,1,75.01-95.01
1287,1287,1287,1287,32,949,0,17,0,12,16,Ingeniería Química,1,75.01-95.01
1288,1288,1288,1288,32,977,0,2,0,1,1,Ingeniería Industrial,1,75.01-95.01
1289,1289,1289,1289,32,1034,0,33,0,19,49,Ingeniería Industrial,1,75.01-95.01
1290,1290,1290,1290,32,1117,0,34,3,11,54,Ingeniería Química,1,75.01-95.01
1291,1291,1291,1291,32,1117,0,34,3,11,54,Ingeniería Química,1,75.01-95.01
1292,1292,1292,1292,32,1118,0,14,0,7,17,Ingeniería Industrial,1,75.01-95.01
1293,1293,1293,1293,32,1119,0,10,0,10,4,Ingeniería Mecánica,1,75.01-95.01
1294,1294,1294,1294,32,1122,0,2,0,2,1,Ingeniería Industrial,1,75.01-95.01
1295,1295,1295,1295,32,1137,0,1,0,2,2,Ingeniería Industrial,1,75.01-95.01
1296,1296,1296,1296,32,1137,0,1,0,2,2,Ingeniería Industrial,1,75.01-95.01
1297,1297,1297,1297,32,1143,0,13,0,9,24,Ingeniería Industrial,1,75.01-95.01
1298,1298,1298,1298,32,1146,0,3,0,3,2,Ingeniería Industrial,1,75.01-95.01
1299,1299,1299,1299,32,1206,0,22,0,11,27,Ingeniería Química,1,75.01-95.01
1300,1300,1300,1300,32,1228,0,21,0,10,22,Ingeniería Electricista,1,75.01-95.01
1301,1301,1301,1301,32,1241,0,23,0,15,32,Ingeniería Electricista,1,75.01-95.01
1302,1302,1302,1302,32,1243,0,24,1,18,31,Ingeniería en Petróleo,1,75.01-95.01
1303,1303,1303,1303,32,1245,0,1,0,2,0,Ingeniería Civil,1,75.01-95.01
1304,1304,1304,1304,32,1276,0,0,0,0,1,Ingeniería Mecánica,1,75.01-95.01
1305,1305,1305,1305,33,341,0,30,2,7,39,Ingeniería en Informática,1,75.40
1306,1306,1306,1306,33,341,0,30,2,7,39,Ingeniería en Informática,1,75.40
1307,1307,1307,1307,33,395,0,1,0,1,2,Ingeniería en Informática,1,75.40
1308,1308,1308,1308,33,395,0,1,0,1,2,Ingeniería en Informática,1,75.40
1309,1309,1309,1309,33,599,0,7,0,1,10,Ingeniería en Informática,1,75.40
1310,1310,1310,1310,33,599,0,7,0,1,10,Ingeniería en Informática,1,75.40-95.40
1311,1311,1311,1311,33,727,0,13,0,2,19,Ingeniería en Informática,1,75.40
1312,1312,1312,1312,33,1129,0,7,0,1,8,Ingeniería en Informática,1,75.40
1313,1313,1313,1313,33,1156,3,5,0,3,6,Licenciatura en Sistemas,1,75.40
1314,1314,1314,1314,33,1158,0,1,0,3,3,Ingeniería en Informática,1,75.40
1315,1315,1315,1315,33,1159,4,11,0,2,5,Ingeniería en Informática,1,75.40
1316,1316,1316,1316,33,1159,4,11,0,2,5,Ingeniería en Informática,1,75.41
1317,1317,1317,1317,33,1160,0,0,0,0,5,Ingeniería en Informática,1,75.40
1318,1318,1318,1318,33,1161,0,17,0,8,26,Ingeniería en Informática,1,75.40
1319,1319,1319,1319,33,1162,2,3,0,0,4,Ingeniería en Informática,1,75.40
1320,1320,1320,1320,33,1163,0,3,0,4,2,Ingeniería en Informática,1,75.40
1321,1321,1321,1321,33,1163,0,3,0,4,2,Ingeniería en Informática,1,75.41
1322,1322,1322,1322,33,1164,1,1,0,0,0,Licenciatura en Sistemas,1,75.40
1323,1323,1323,1323,33,1165,2,6,0,7,8,Ingeniería en Informática,1,75.40
1324,1324,1324,1324,33,1166,0,12,0,5,26,Ingeniería en Informática,1,75.40
1325,1325,1325,1325,33,1168,0,2,0,1,1,Ingeniería en Informática,1,75.40
1326,1326,1326,1326,33,1169,2,12,0,9,11,Ingeniería en Informática,1,75.40
1327,1327,1327,1327,33,1169,2,12,0,9,11,Ingeniería en Informática,1,75.41
1328,1328,1328,1328,33,1170,0,3,0,2,2,Ingeniería en Informática,1,75.40
1329,1329,1329,1329,33,1172,0,1,0,2,0,Ingeniería en Informática,1,75.40
1330,1330,1330,1330,33,1173,0,2,0,1,2,Licenciatura en Sistemas,1,75.40
1331,1331,1331,1331,33,1176,4,29,0,16,43,Ingeniería en Informática,1,75.40
1332,1332,1332,1332,33,1176,4,29,0,16,43,Ingeniería en Informática,1,75.41-95.41
1333,1333,1333,1333,33,1178,3,9,0,4,10,Licenciatura en Sistemas,1,75.40
1334,1334,1334,1334,33,1181,5,12,0,6,17,Licenciatura en Sistemas,1,75.40
1335,1335,1335,1335,33,1182,0,15,0,9,16,Licenciatura en Sistemas,1,75.40
1336,1336,1336,1336,33,1183,0,6,1,5,7,Licenciatura en Sistemas,1,75.40
1337,1337,1337,1337,33,1184,0,13,0,5,15,Ingeniería en Informática,1,75.40
1338,1338,1338,1338,33,1184,0,13,0,5,15,Ingeniería en Informática,1,75.40-95.40
1339,1339,1339,1339,33,1185,0,8,0,3,12,Ingeniería en Informática,1,75.40
1340,1340,1340,1340,33,1187,0,7,0,4,28,Ingeniería en Informática,1,75.40
1341,1341,1341,1341,33,1187,0,7,0,4,28,Ingeniería en Informática,1,75.41
1342,1342,1342,1342,33,1188,0,2,0,1,1,Licenciatura en Sistemas,1,75.40
1343,1343,1343,1343,33,1190,0,1,0,0,0,Ingeniería en Informática,1,75.40
1344,1344,1344,1344,33,1191,0,24,0,4,61,Licenciatura en Sistemas,1,75.40
1345,1345,1345,1345,33,1192,0,10,0,1,12,Ingeniería en Informática,1,75.40
1346,1346,1346,1346,33,1193,0,1,0,0,2,Licenciatura en Sistemas,1,75.40
1347,1347,1347,1347,33,1193,0,1,0,0,2,Licenciatura en Sistemas,1,75.41
1348,1348,1348,1348,33,1195,0,0,0,0,1,Ingeniería en Informática,1,75.40
1349,1349,1349,1349,33,1197,0,2,0,2,3,Ingeniería en Informática,1,75.40
1350,1350,1350,1350,33,1199,0,1,0,0,0,Ingeniería en Informática,1,75.40
1351,1351,1351,1351,33,1203,0,2,0,2,2,Ingeniería en Informática,1,75.40
1352,1352,1352,1352,33,1204,1,30,1,12,56,Licenciatura en Sistemas,1,75.40
1353,1353,1353,1353,33,1207,2,4,0,0,1,Ingeniería en Informática,1,75.40
1354,1354,1354,1354,33,1210,0,0,0,0,2,Licenciatura en Sistemas,1,75.40
1355,1355,1355,1355,33,1211,0,1,0,1,2,Licenciatura en Sistemas,1,75.40
1356,1356,1356,1356,33,1217,0,32,0,7,57,Licenciatura en Sistemas,1,75.40
1357,1357,1357,1357,33,1222,0,1,0,2,1,Ingeniería en Informática,1,75.40
1358,1358,1358,1358,33,1226,0,0,0,0,1,Licenciatura en Sistemas,1,75.40
1359,1359,1359,1359,33,1226,0,0,0,0,1,Licenciatura en Sistemas,1,75.41-95.41
1360,1360,1360,1360,33,1231,0,13,0,6,19,Licenciatura en Sistemas,1,75.40
1361,1361,1361,1361,33,1282,0,3,0,1,3,Ingeniería en Informática,1,75.40
1362,1362,1362,1362,33,1283,1,5,0,1,1,Ingeniería en Informática,1,75.40
1363,1363,1363,1363,35,1418,0,1,0,0,1,Ingeniería en Informática,1,75.40-95.40
